code,coord_source_code,lat_deg,lon_deg,height_m,X,Y,Z,geomag_lat,geomag_lon,has_coordinates
ABMF00GLP,ABMF,16.262,-61.528,-25.0,2919786.0,-5383745.0,1774604.0,20.312591389677923,-61.528,True
ABPO00MDG,ABPO,-19.018,47.229,1552.992,4097216.6805,4429119.0287,-2065771.3676,-32.45284883633828,47.229,True
AC2300USA,AC23,60.475,-150.878,80.301,-2752834.7418,-1533597.398,5526823.2554,58.990408130698846,-150.878,True
AC2400USA,AC24,58.682,-156.653,36.4,-3051338.7572,-1317097.8223,5425614.2192,55.6233619623716,-156.653,True
ACRG00GHA,ACRG,5.641,-0.207,83.4,6347491.377,-22944.8986,622822.4766,-8.399340693019212,-0.207,True
ACSO00USA,ACSO,40.232,-82.982,249.387,595828.9368,-4839735.3204,4097876.7222,49.57834189113262,-82.982,True
ADE100AUS,ADE1,-34.729,138.647,38.2,-3939182.131,3467075.376,-3613220.824,-49.28607698255147,138.647,True
ADE200AUS,ADE2,-34.729,138.647,38.2,-3939182.131,3467075.376,-3613220.824,-49.28607698255147,138.647,True
ADIS00ETH,ADIS,9.035,38.766,2439.149,4913652.76087,3945922.66962,995383.33311,1.6985430447545402,38.766,True
AGGO00ARG,AGGO,-34.874,-58.14,42.085,2765120.9,-4449250.25,-3626405.6,-23.684194491100534,-58.14,True
AIRA00JPN,AIRA,31.824,130.6,314.64,-3530185.489,4118797.337,3344036.931,27.545914675240372,130.6,True
AJAC00FRA,AJAC,41.927,8.763,98.8,4696990.0,723994.0,4239678.0,38.604554683788834,8.763,True
ALAC00ESP,ALAC,38.339,-0.481,60.3,5009051.41,-42072.468,3935057.475,33.331650319167125,-0.481,True
ALBH00CAN,ALBH,48.39,-123.487,32.0,-2341332.884,-3539049.509,4745791.36,52.845034843100855,-123.487,True
ALGA00CAN,ALGA,45.956,-78.071,198.9,918127.5277,-4346061.9053,4561984.2467,54.78251536021302,-78.071,True
ALGO00CAN,ALGO,45.959,-78.071,202.0,918129.4,-4346071.2,4561977.8,54.785808090865146,-78.071,True
ALIC00AUS,ALIC,-23.67,133.886,603.2,-4052052.7352,4212835.9833,-2545104.5853,-35.862687594244505,133.886,True
ALRT00CAN,ALRT,82.494,-62.34,78.11,388042.75,-740382.4,6302001.85,82.80026330427697,-62.34,True
AMC200USA,AMC2,38.803,-104.525,1912.49,-1248596.252,-4819428.284,3976506.034,47.39660277224832,-104.525,True
AMC400USA,AMC4,38.803,-104.525,1911.394,-1248596.405,-4819428.21,3976505.93,47.39660291142876,-104.525,True
AMCT00USA,AMCT,38.803,-104.525,1913.06,-1248596.241,-4819429.589,3976506.987,47.396602699864175,-104.525,True
AMMN00JOR,AMMN,32.03,35.88,1055.83,4386110.98,3172646.63,3363659.56,29.607062746112884,35.88,True
ANK200TUR,ANK2,39.843,32.775,1294.3,4124040.177,2655251.841,4065428.467,38.701933797420715,32.775,True
ANKR00TUR,ANKR,39.888,32.759,974.8,4121934.26,2652189.812,4069034.911,38.75416360139036,32.759,True
ANMG00MYS,ANMG,2.785,101.507,15.002,-1270826.87,6242631.446,307792.439,-5.014269285246331,101.507,True
ANTC00CHL,ANTC,-37.339,-71.532,745.4,1608539.0,-4816370.0,-3847799.0,-21.916813831386975,-71.532,True
ANTF00CHL,ANTF,-23.702,-70.42,68.4,1958240.723,-5505483.304,-2548076.547,-11.902458790107493,-70.42,True
AOA100USA,AOA1,34.157,-118.83,246.564,-2547888.0108,-4628773.6921,3561050.0129,39.584617792094456,-118.83,True
AOML00USA,AOML,25.735,-80.162,0.1,982296.723,-5664607.219,2752614.499,34.482567014674096,-80.162,True
AREG00PER,AREG,-16.465,-71.493,2489.337,1942816.3653,-5804077.1395,-1796884.4383,-5.441168767673318,-71.493,True
AREQ00PER,AREQ,-16.466,-71.493,2488.923,1942826.192,-5804070.331,-1796894.267,-5.442054906042266,-71.493,True
AREV00PER,AREV,-16.466,-71.493,2488.923,1942826.192,-5804070.331,-1796894.267,-5.442054906042266,-71.493,True
ARHT00ATA,ARHT,-77.829,166.664,135.328,-1312626.536,311171.129,-6213081.915,-70.97095569531545,166.664,True
ARTU00RUS,ARTU,56.43,58.56,247.511,1843956.968,3016202.97,5291261.66,59.76688088605026,58.56,True
ARUA00UGA,ARUA,3.017,30.91,1208.9,5465789.6,3272492.248,333531.017,-7.4509587533984485,30.91,True
ARUC00ARM,ARUC,40.286,44.086,1222.0,3500416.7822,3390432.6839,4103027.5848,40.36636944136348,44.086,True
ASC100SHN,ASC1,-7.951,-14.412,105.0,6118526.069,-1572344.759,-876451.0446,-26.19970566617354,-14.412,True
ASCG00SHN,ASCG,-7.916,-14.333,38.0,6121151.578,-1563978.904,-872615.417,-26.174563805841053,-14.333,True
ASPA00USA,ASPA,-14.326,-170.722,53.7,-6100260.096,-996503.51,-1567977.812,-16.414489051588973,-170.722,True
ATRU00KAZ,ATRU,47.131,51.954,-32.052,2679051.8578,3423332.414,4651652.39,48.83646294242105,51.954,True
AUCK00NZL,AUCK,-36.603,174.834,132.711,-5105681.0,461564.0,-3782181.7,-43.94060915295825,174.834,True
AZU100USA,AZU1,34.126,-117.896,144.75,-2472979.3867,-4671338.0652,3558107.7527,39.76355559344296,-117.896,True
BADG00RUS,BADG,51.77,102.235,811.4,-838281.513,3865777.334,4987624.632,57.503144285880786,102.235,True
BAHR00BHR,BAHR,26.209,50.608,-17.03,3633909.10164655,4425275.50331067,2799861.27363811,23.841194183305944,50.608,True
BAIE00CAN,BAIE,49.187,-68.263,27.5,1546823.34,-3879765.13,4804185.05,55.53142010344704,-68.263,True
BAKE00CAN,BAKE,64.318,-96.002,4.4,-289833.93,-2756501.06,5725162.22,76.13667343144132,-96.002,True
BAKO00IDN,BAKO,-6.49,106.85,158.18,-1836969.054,6065617.126,-716257.839,-15.946036115174834,106.85,True
BAMF00CAN,BAMF,48.835,-125.135,11.1,-2420721.2,-3439856.061,4778532.675,52.83536546801299,-125.135,True
BAN200IND,BAN2,13.034,77.512,831.9,1344087.6814,6068610.2662,1429291.9412,7.628664763395963,77.512,True
BARB00BRB,BARB,13.088,-59.609,-86.278,3143385.2691,-5359662.8671,1434851.4054,16.60155839855263,-59.609,True
BARH00USA,BARH,44.395,-68.222,6.8,1693644.846,-4239067.57,4439567.239,50.208111084166205,-68.222,True
BAUT00DEU,BAUT,51.192,14.522,211.8,3877545.5,1004370.9,4947148.1,49.7738769965459,14.522,True
BDOS00BRB,BDOS,13.088,-59.609,-38.6,3143382.231,-5359714.831,1434875.797,16.601594215339983,-59.609,True
BELE00BRA,BELE,-1.409,-48.463,9.08,4228139.05,-4772752.08,-155761.38,-2.8331821600824125,-48.463,True
BHPL00IND,BHPL,23.289,77.467,445.8,1272089.4754,5722251.529,2506322.1867,20.353256856444588,77.467,True
BHR100BHR,BHR1,26.209,50.608,-13.9,3633910.757,4425277.729,2799862.795,23.841189451223116,50.608,True
BHR200BHR,BHR2,26.209,50.608,-13.9,3633910.757,4425277.729,2799862.795,23.841189451223116,50.608,True
BHR300BHR,BHR3,26.209,50.608,-13.9,3633910.66,4425277.759,2799862.907,23.841189451223116,50.608,True
BHR400BHR,BHR4,26.209,50.608,-13.9,3633910.66,4425277.759,2799862.907,23.841189451223116,50.608,True
BIK000KGZ,BIK0,42.854,74.533,749.2,1249005.5455,4513917.3461,4316147.9247,45.2831069784959,74.533,True
BILI00RUS,BILI,68.076,166.438,456.238,-2321892.985,560096.883,5894691.938,66.0795588453498,166.438,True
BILL00USA,BILL,33.578,-117.065,470.06,-2420420.5012,-4737131.5508,3507827.665,39.40909356622446,-117.065,True
BJCO00BEN,BJCO,6.385,2.45,30.7,6333076.505,270973.437,704551.984,-7.2408692982965706,2.45,True
BJFS00CHN,BJFS,39.609,115.892,87.413,-2148743.808,4426641.281,4044655.993,39.77599189102171,115.892,True
BJNM00CHN,BJNM,40.245,116.224,118.6,-2154287.413,4373440.047,4098885.628,40.52800621775432,116.224,True
BLYT00USA,BLYT,33.61,-114.715,85.9,-2223206.72,-4830299.8,3510587.59,39.95213068044676,-114.715,True
BNEU00LAO,BNEU,21.644,101.917,1012.0,-1224961.726,5804226.511,2338188.568,18.015411755575325,101.917,True
BNOA00IDN,BNOA,-8.746,115.21,39.056,-2685309.038,5704009.251,-963466.461,-18.071788130396836,115.21,True
BOAV00BRA,BOAV,2.845,-60.701,69.48,3117452.21,-5555487.82,314480.74,7.878324284170252,-60.701,True
BOGI00POL,BOGI,52.475,21.035,139.9,3633815.7,1397453.9,5035280.8,51.70470162667346,21.035,True
BOGT00COL,BOGT,4.64,-74.081,2576.778,1744399.0397,-6116037.5577,512731.7532,14.11681037331391,-74.081,True
BOR100POL,BOR1,52.277,17.073,124.9,3738358.833,1148173.963,5021816.113,51.15376250925173,17.073,True
BRAN00USA,BRAN,34.185,-118.277,246.249,-2502254.8882,-4651654.015,3563569.3543,39.73615357849385,-118.277,True
BRAZ00BRA,BRAZ,-15.947,-47.878,1106.041,4115014.1128,-4550641.5225,-1741444.0984,-16.23288523992167,-47.878,True
BREW00USA,BREW,48.132,-119.683,238.627,-2112007.1404,-3705351.8421,4726827.1606,53.68636634848642,-119.683,True
BRFT00BRA,BRFT,-3.877,-38.426,21.7,4985393.532,-3954993.417,-428426.704,-11.335129444150851,-38.426,True
BRMG00DEU,BRMG,47.908,7.633,261.6,4245557.1,568958.1,4710200.0,45.517843289245086,7.633,True
BRMU00GBR,BRMU,32.37,-64.696,-11.6,2304703.476,-4874817.177,3395186.95,36.50217777638522,-64.696,True
BRST00FRA,BRST,48.38,-4.497,65.5,4231162.0,-332747.0,4745131.0,45.13225259043986,-4.497,True
BRUN00BRN,BRUN,4.971,114.952,90.669,-2680694.374,5761268.529,549016.773,-1.886212620411908,114.952,True
BRUS00BEL,BRUS,50.798,4.359,149.7,4027893.86,307045.71,4919475.03,48.497853102328435,4.359,True
BRUX00BEL,BRUX,50.798,4.359,158.3,4027881.628,306998.537,4919498.984,48.497836563620815,4.359,True
BSHM00ISR,BSHM,32.779,35.02,225.1,4396111.1752,3080477.64191,3433499.46187,30.420410321307262,35.02,True
BTNG00IDN,BTNG,1.439,125.19,74.993,-3674585.766,5210904.565,159093.409,-6.30310949364118,125.19,True
BUCU00ROU,BUCU,44.464,26.126,143.2,4093760.994,2007793.667,4445129.862,43.38321543884012,26.126,True
BUE100ARG,BUE1,-34.574,-58.519,48.8,2745499.065,-4483636.591,-3599054.582,-23.36173584764595,-58.519,True
BUE200ARG,BUE2,-34.574,-58.519,48.8,2745499.065,-4483636.591,-3599054.582,-23.36173584764595,-58.519,True
BZR200ITA,BZR2,46.496,11.338,331.2,4312893.06,864794.52,4603598.27,44.2444160930854,11.338,True
BZRG00ITA,BZRG,46.499,11.337,329.0,4312657.75,864634.31,4603844.05,44.2477755081613,11.337,True
CACE00ESP,CACE,39.479,-6.342,437.9,4899866.0,-544567.0,4033773.0,34.30160716232643,-6.342,True
CAGL00ITA,CAGL,39.136,8.973,238.4,4893378.944,772649.645,4004182.051,35.22652395632064,8.973,True
CAGS00CAN,CAGS,45.585,-75.807,235.0,1096349.16,-4335060.66,4533255.22,53.79650483657578,-75.807,True
CAGZ00ITA,CAGZ,39.136,8.973,238.0,4893380.225,772650.197,4004179.763,35.22652459949961,8.973,True
CANT00ESP,CANT,43.472,-3.798,99.3,4625924.676,-307096.779,4365771.149,39.351290146190294,-3.798,True
CARR00USA,CARR,35.89,-120.43,479.36,-2620447.2,-4460941.6,3718442.77,40.906955605996245,-120.43,True
CAS100ATA,CAS1,-66.283,110.52,22.6,-901776.221,2409383.497,-5816748.487,-74.28119374557657,110.52,True
CASA00USA,CASA,37.645,-118.897,2390.442,-2444430.2233,-4428687.6948,3875747.4091,43.00229415557229,-118.897,True
CASC00PRT,CASC,38.693,-9.419,77.1,4917537.868,-815726.531,3965857.975,33.168897347948665,-9.419,True
CAT100USA,CAT1,33.45,-118.48,3.88,-2540622.24,-4682555.31,3495319.35,38.972017080552206,-118.48,True
CCJ200JPN,CCJ2,27.068,142.195,104.214,-4490605.4013,3483894.7513,2884928.2222,20.51104468666323,142.195,True
CCJM00JPN,CCJM,27.096,142.185,208.83,-4488925.724,3483903.122,2887743.274,20.54233338341154,142.185,True
CEBR00ESP,CEBR,40.453,-4.368,775.8,4846664.918,-370195.2,4116929.526,35.6311814407622,-4.368,True
CEDU00AUS,CEDU,-31.867,133.81,144.7,-3753473.1987,3912741.0258,-3347959.6898,-46.218810834561914,133.81,True
CFAG00ARG,CFAG,-31.602,-68.233,703.0,2016585.0,-5050166.0,-3323309.0,-18.47864237963541,-68.233,True
CGGN00NGA,CGGN,10.123,9.118,916.695,6201032.5267,995277.2635,1113815.5634,-1.7398423066824587,9.118,True
CHAN00CHN,CHAN,43.791,125.443,268.3,-2674377.0,3757198.0,4391503.0,43.009034822982706,125.443,True
CHAT00NZL,CHAT,-43.956,-176.566,57.981,-4590671.0,-275482.9,-4404596.7,-49.32067384173146,-176.566,True
CHIL00USA,CHIL,34.333,-118.026,1567.51,-2478003.12,-4655349.22,3577932.2,39.938337119936406,-118.026,True
CHOF00JPN,CHOF,35.675,139.531,93.9,-3946216.71,3366689.83,3698971.69,30.35630955764434,139.531,True
CHPG00BRA,CHPG,-22.682,-45.002,566.25,4163476.6693,-4163821.9362,-2444511.1746,-23.27120860135512,-45.002,True
CHPI00BRA,CHPI,-22.687,-44.985,617.418,4164613.89,-4162456.91,-2445028.76,-23.28546973808054,-44.985,True
CHTI00NZL,CHTI,-43.735,-176.617,75.7,-4607855.9,-272375.8,-4386954.5,-49.11429168603675,-176.617,True
CHTP00USA,CHTP,34.257,-118.642,667.29,-2529823.499,-4632010.208,3570394.176,39.72484643768476,-118.642,True
CHUM00KAZ,CHUM,42.999,74.751,716.332,1228950.716,4508079.93,4327868.505,45.4802553446758,74.751,True
CHUR00CAN,CHUR,58.759,-94.089,-18.9,-236438.7,-3307616.7,5430049.1,70.65350305541978,-94.089,True
CHWK00CAN,CHWK,49.157,-122.008,170.0,-2215259.73,-3543996.83,4802098.77,54.121028409679425,-122.008,True
CIBG00IDN,CIBG,-6.49,106.849,169.133,-1837002.6304,6065627.3598,-716183.2715,-15.946136625814432,106.849,True
CIC100MEX,CIC1,31.871,-116.666,64.325,-2433177.1293,-4845044.8552,3348295.8708,37.815096094432185,-116.666,True
CICE00MEX,CICE,31.871,-116.667,87.66,-2433307.4334,-4844963.2828,3348363.2553,37.81489576247608,-116.667,True
CIT100USA,CIT1,34.137,-118.127,215.35,-2491490.2616,-4660803.2317,3559129.0005,39.72270763752151,-118.127,True
CKIS00COK,CKIS,-21.201,-159.801,18.4,-5583182.1381,-2054143.6114,-2292166.7567,-22.0766447203273,-159.801,True
CKSV00TWN,CKSV,22.999,120.22,59.6,-2956619.1898,5075902.1717,2476625.5462,18.74728320028795,120.22,True
CLAR00USA,CLAR,34.11,-117.709,373.63,-2458218.4736,-4680467.4516,3556758.4957,39.78972994635512,-117.709,True
CLGO00USA,CLGO,64.874,-147.86,196.21,-2299609.3158,-1444753.0761,5751926.0296,65.17750709619753,-147.86,True
CMP900USA,CMP9,34.353,-118.411,1137.99,-2508506.1541,-4637174.7958,3579499.9356,39.87107687266594,-118.411,True
CMUM00THA,CMUM,18.761,98.932,308.962,-938078.387,5968373.965,2038404.323,14.422901508446637,98.932,True
CNMR00USA,CNMR,15.23,145.743,64.4,-5087757.849,3465028.937,1664653.754,7.779574294095856,145.743,True
COCO00AUS,COCO,-12.188,96.834,-35.3,-741951.0775,6190961.7217,-1337767.3702,-24.36899666578577,96.834,True
CONT00CHL,CONT,-36.843,-73.025,200.027,1492070.5609,-4887972.63,-3803568.6023,-21.503198469463268,-73.025,True
CONZ00CHL,CONZ,-36.844,-73.025,181.2,1492007.79,-4887911.14,-3803640.12,-21.50381969011145,-73.025,True
COPO00CHL,COPO,-27.385,-70.338,479.2,1907041.0,-5337379.0,-2916335.0,-14.910887822056484,-70.338,True
CORD00ARG,CORD,-31.528,-64.47,747.065,2345503.9452,-4910842.9601,-3316365.5474,-19.359770819770397,-64.47,True
COSO00USA,COSO,35.982,-117.809,1455.16,-2411148.2861,-4571430.2322,3727461.4502,41.61282680629775,-117.809,True
COTE00ATA,COTE,-77.806,161.998,1878.1,-1285757.4165,417822.4915,-6214230.8473,-71.41499401099601,161.998,True
COYQ00CHL,COYQ,-45.514,-71.892,476.0,1391587.0,-4255574.0,-4527926.0,-26.712375928515716,-71.892,True
CPNM00THA,CPNM,10.725,99.374,9.143,-1020874.496,6183763.086,1179096.215,4.549179039418834,99.374,True
CPVG00CPV,CPVG,16.732,-22.935,94.089,5626883.4267,-2380932.5096,1824483.8747,6.490731788648964,-22.935,True
CRAO00UKR,CRAO,44.413,33.991,365.8,3783897.0146,2551404.4833,4441264.31,44.132498205396196,33.991,True
CRFP00USA,CRFP,34.039,-117.1,688.82,-2410446.7968,-4710490.3879,3550422.4952,39.85558873951512,-117.1,True
CRO100VIR,CRO1,17.757,-64.584,-31.497,2607771.494,-5488076.997,1932768.0602,22.894126430696048,-64.584,True
CSN100USA,CSN1,34.254,-118.524,261.434,-2520226.0874,-4637082.2014,3569875.4924,39.7482426406329,-118.524,True
CUIB00BRA,CUIB,-15.555,-56.07,237.4,3430711.4,-5099641.5,-1699432.9,-10.875107335630139,-56.07,True
CUSV00THA,CUSV,13.736,100.534,76.06,-1132913.7678,6092530.5657,1504633.5192,8.24816629713779,100.534,True
CUT000AUS,CUT0,-32.004,115.895,24.0,-2364337.2699,4870285.5624,-3360809.8398,-48.239474731545364,115.895,True
CUUT00THA,CUUT,13.736,100.534,74.296,-1132915.824,6092526.351,1504641.505,8.248167193268454,100.534,True
CYNE00GUF,CYNE,4.822,-52.365,-23.0,3880933.0,-5033206.0,532565.0,5.301614665601966,-52.365,True
CZTG00ATF,CZTG,-46.432,51.855,202.8,2719994.82,3463392.63,-4598612.94,-44.945587757839796,51.855,True
DAE200KOR,DAE2,36.399,127.374,116.824,-3120042.274,4084614.722,3764026.818,33.580995519740405,127.374,True
DAEJ00KOR,DAEJ,36.399,127.374,117.037,-3120041.821,4084615.221,3764027.013,33.580995305415776,127.374,True
DAKA00SEN,DAKA,14.685,-17.465,63.1,5886435.5704,-1852014.7801,1606349.4404,3.3479325842961876,-17.465,True
DAKR00SEN,DAKR,14.721,-17.439,51.0,5886533.48,-1849181.6,1610300.44,3.3905692032743238,-17.439,True
DAM100USA,DAM1,34.334,-118.397,584.1,-2507721.044,-4638444.588,3577430.035,39.85532385520129,-118.397,True
DAM200USA,DAM2,34.335,-118.397,583.4,-2507655.539,-4638419.625,3577506.547,39.85630301898368,-118.397,True
DARR00AUS,DARR,-12.844,131.133,125.2,-4091358.744,4684606.844,-1408580.642,-22.854836220944183,131.133,True
DARW00AUS,DARW,-12.844,131.133,125.1,-4091359.6055,4684606.4197,-1408579.1195,-22.854836204133456,131.133,True
DAV100ATA,DAV1,-68.577,77.973,44.5,486854.4996,2285099.3657,-5914955.7712,-57.12123821958984,77.973,True
DAVR00ATA,DAVR,-68.577,77.973,44.5,486854.4996,2285099.3657,-5914955.7712,-57.12123821958984,77.973,True
DEAR00ZAF,DEAR,-30.665,23.993,1321.7,5017617.2841,2233214.7864,-3234696.1991,-45.67001902025132,23.993,True
DGAR00GBR,DGAR,-7.27,72.37,-64.746,1916269.343,6029977.689,-801719.821,-17.87340183675987,72.37,True
DGAV00GBR,DGAV,-7.27,72.37,-64.746,1916269.343,6029977.689,-801719.821,-17.87340183675987,72.37,True
DHLG00USA,DHLG,33.39,-115.788,-83.05,-2319099.26,-4799846.5,3490090.45,39.501589639323214,-115.788,True
DJIG00DJI,DJIG,11.526,42.847,711.409,4583086.1415,4250982.5036,1266243.0645,5.322292643460247,42.847,True
DLF100NLD,DLF1,51.986,4.387,75.8,3924697.942,301124.893,5001905.154,49.81116202743205,4.387,True
DLFT00NLD,DLFT,51.986,4.388,74.3,3924697.233,301131.832,5001903.318,49.81123840812551,4.388,True
DLTV00VNM,DLTV,11.945,108.482,1587.62,-1978879.097,5920511.651,1311808.34,6.240710766664009,108.482,True
DRAG00ISR,DRAG,31.593,35.392,31.8,4432980.662,3149432.093,3322110.441,29.00717489498161,35.392,True
DRAO00CAN,DRAO,49.323,-119.625,542.0,-2059164.682,-3621108.388,4814432.366,55.0118326353632,-119.625,True
DRDN00IND,DRDN,30.34,78.041,670.5,1141411.6159,5390353.6196,3203326.6203,29.27517282055419,78.041,True
DREJ00DEU,DREJ,51.03,13.73,203.6,3904724.62,954014.72,4935790.49,49.52985122260661,13.73,True
DUBI00ARE,DUBI,25.002,55.467,67.9,3278838.936,4764817.93,2679336.143,22.51423493901089,55.467,True
DUBO00CAN,DUBO,50.259,-95.866,251.0,-417603.6,-4064529.8,4881432.16,61.19680033407383,-95.866,True
DUBR00HRV,DUBR,42.65,18.11,454.3,4465940.1,1460594.41,4299291.36,40.42957294742835,18.11,True
DUM100ATA,DUM1,-66.665,140.002,-1.4,-1940883.7791,1628483.2535,-5833718.0282,-86.27084047148625,140.002,True
DUMG00ATA,DUMG,-66.665,140.002,-3.38,-1940884.0,1628468.0,-5833720.0,-86.27083732722261,140.002,True
DUND00NZL,DUND,-45.884,170.597,386.9,-4388121.17,726671.05,-4556535.63,-54.964256359455504,170.597,True
DWH100USA,DWH1,47.774,-122.08,109.1,-2280790.309,-3638690.41,4700113.86,52.59488888777712,-122.08,True
DYNG00GRC,DYNG,38.079,23.932,510.6,4595220.016,2039434.081,3912626.007,35.553951887464216,23.932,True
DYR200TUR,DYR2,37.916,40.276,500.0,3844105.4489,3257321.9012,3898371.8664,37.22960481691694,40.276,True
EBRE00ESP,EBRE,40.821,0.492,107.3,4833520.0,41536.0,4147461.0,36.47113614906654,0.492,True
EIL100USA,EIL1,64.688,-147.113,176.6,-2296298.46,-1484805.05,5743080.09,65.10456226275993,-147.113,True
EIL200USA,EIL2,64.688,-147.113,176.6,-2296298.46,-1484805.05,5743080.09,65.10456226275993,-147.113,True
EIL300USA,EIL3,64.688,-147.113,177.2,-2296304.083,-1484805.898,5743078.376,65.10456213462348,-147.113,True
EIL400USA,EIL4,64.688,-147.113,177.2,-2296304.083,-1484805.898,5743078.376,65.10456213462348,-147.113,True
EISL00CHL,EISL,-27.148,-109.383,114.518,-1884951.8173,-5357595.863,-2892890.518,-19.883952372939312,-109.383,True
ENAO00PRT,ENAO,39.091,-28.026,91.6,4375732.1533,-2329166.8136,4000238.2806,34.21327733009984,-28.026,True
ENTB00UGA,ENTB,0.06,32.476,1164.9,5381680.302,3425341.7,6633.573,-10.941128841783742,32.476,True
EPRT00USA,EPRT,44.909,-66.992,30.4,1768544.556,-4164839.445,4480190.419,50.37159271403733,-66.992,True
ESCU00CAN,ESCU,47.073,-64.799,-16.02,1852954.53,-3937498.76,4647314.64,52.05417893781762,-64.799,True
ESTI00NIC,ESTI,13.099,-86.362,852.67,394283.471,-6201541.433,1436325.757,22.925534282256994,-86.362,True
EUR200CAN,EUR2,79.989,-85.938,28.9,78804.76,-1109590.47,6259356.93,84.69973131155692,-85.938,True
EURK00CAN,EURK,79.989,-85.94,25.6,78762.75,-1109638.12,6259345.79,84.69997359394344,-85.94,True
EUSM00MYS,EUSM,5.146,100.494,18.761,-1157029.938,6246367.148,568220.1,-2.1967213499838825,100.494,True
FAA100PYF,FAA1,-17.555,-149.614,12.35,-5247393.111,-3076867.223,-1911521.528,-16.54672009682873,-149.614,True
FAIR00USA,FAIR,64.978,-147.499,319.177,-2281621.7717,-1453595.9493,5756961.9444,65.38676137526899,-147.499,True
FALE00WSM,FALE,-13.832,-171.999,47.6,-6134112.0,-862145.0,-1514975.0,-16.086177955990475,-171.999,True
FALK00FLK,FALK,-51.694,-57.874,50.841,2106811.344,-3355170.6666,-4981786.3348,-31.3253103923343,-57.874,True
FFMJ00DEU,FFMJ,50.091,8.665,178.3,4053455.7,617729.9,4869395.9,48.06353968350619,8.665,True
FLIN00CAN,FLIN,54.726,-101.978,320.0,-766174.46,-3611375.32,5184056.22,65.5083198673562,-101.978,True
FLRS00PRT,FLRS,39.454,-31.126,79.9,4221530.01,-2549242.33,4031397.8,35.02060173258662,-31.126,True
FORT00BRA,FORT,-3.877,-38.426,20.1,4985387.105,-3954999.007,-428426.419,-11.335137076915755,-38.426,True
FPRT00UGA,FPRT,0.652,30.298,1522.2,5507909.86,3218343.595,72160.61,-10.692268997348275,30.298,True
FRDN00CAN,FRDN,45.933,-66.659,95.9,1760543.42,-4080069.4,4560178.6,51.39270781520356,-66.659,True
FREE00BHS,FREE,26.702,-78.993,-26.0,1088671.0,-5596851.0,2848798.0,35.20230654882274,-78.993,True
FTNA00WLF,FTNA,-14.308,-178.121,84.859,-6178322.4459,-202694.9925,-1566024.4684,-17.710107503233214,-178.121,True
FUNC00PRT,FUNC,32.648,-16.908,78.5,5143339.43,-1563412.87,3421191.44,25.56966780511583,-16.908,True
GALA00ECU,GALA,-0.743,-90.304,7.445,-33796.1599,-6377522.6449,-82120.931,9.259402926739472,-90.304,True
GAMB00PYF,GAMB,-23.13,-134.965,80.66,-4147126.8085,-4152222.1446,-2490033.108,-19.835575039690813,-134.965,True
GAMG00KOR,GAMG,35.59,127.92,928.0,-3191607.7,4096899.9,3691839.3,32.50080452121687,127.92,True
GANP00SVK,GANP,49.035,20.323,746.0,3929181.5,1455236.8,4793653.9,47.949211697877516,20.323,True
GCGO00USA,GCGO,64.978,-147.499,319.177,-2281623.7799,-1453585.627,5756963.7427,65.38676137526899,-147.499,True
GENO00ITA,GENO,44.419,8.921,153.5,4507890.272,707618.974,4441603.008,41.591832270317674,8.921,True
GLPS00ECU,GLPS,-0.743,-90.304,1.788,-33801.259,-6377516.5276,-82154.3037,9.259402123947037,-90.304,True
GLSV00UKR,GLSV,50.364,30.497,226.8,3512889.29,2068980.654,4888903.261,50.33377525577006,30.497,True
GMAS00ESP,GMAS,27.765,-15.468,195.4,5439112.6097,-1522135.0315,2953556.0958,19.47129304587128,-15.468,True
GMSD00JPN,GMSD,30.556,131.016,142.6,-3607665.4303,4147868.2248,3223717.2617,25.999656008952144,131.016,True
GODE00USA,GODE,39.022,-76.827,14.505,1130773.718,-4831253.581,3994200.422,47.014466504864835,-76.827,True
GODN00USA,GODN,39.021,-76.827,18.0,1130760.8757,-4831298.688,3994155.1861,47.01341764369512,-76.827,True
GODS00USA,GODS,39.035,-77.387,19.1,1130752.3046,-4831349.1223,3994098.9504,47.16801857278718,-77.387,True
GODZ00USA,GODZ,39.022,-76.827,14.509,1130773.867,-4831253.583,3994200.409,47.01446650411025,-76.827,True
GOL200USA,GOL2,35.425,-116.889,986.678,-2353614.316,-4641385.324,3676976.407,41.273502776115095,-116.889,True
GOLD00USA,GOLD,35.425,-116.889,986.678,-2353614.316,-4641385.3523,3676976.434,41.273502776115095,-116.889,True
GOP600CZE,GOP6,49.914,14.786,592.6,3979319.62,1050311.94,4857064.38,48.405856968855446,14.786,True
GOP700CZE,GOP7,49.914,14.786,592.6,3979319.64,1050311.92,4857064.37,48.405856968855446,14.786,True
GOPE00CZE,GOPE,49.914,14.786,592.6,3979316.134,1050312.478,4857067.108,48.405856968855446,14.786,True
GOUG00SHN,GOUG,-40.349,-9.881,81.27,4795578.7932,-835299.23,-4107633.8428,-46.73683014240957,-9.881,True
GRAC00FRA,GRAC,43.754,6.921,1319.8,4581708.63,556132.23,4389340.93,40.60814915601625,6.921,True
GRAS00FRA,GRAS,43.755,6.921,1319.3,4581690.811,556114.972,4389360.88,40.6093392547218,6.921,True
GRAZ00AUT,GRAZ,47.067,15.493,538.3,4194424.124,1162702.46,4647245.193,45.294760580286,15.493,True
GUAM00GUM,GUAM,13.589,144.868,201.914,-5071312.6574,3568363.6347,1488904.402,6.064244245627436,144.868,True
GUAO00CHN,GUAO,43.471,87.177,2049.2,228380.79,4631962.42,4367041.08,46.6275612793885,87.177,True
GUAT00GTM,GUAT,14.59,-90.52,1519.9,-56063.582,-6174978.67,1596665.267,24.181740739480404,-90.52,True
GUUG00USA,GUUG,13.433,144.803,134.7,-5070465.249,3576460.234,1472093.785,5.900821380916574,144.803,True
GVDG00GRC,GVDG,34.838,24.109,124.2,4783638.002,2140729.676,3623234.366,31.565625166344823,24.109,True
HAL100USA,HAL1,20.708,-156.256,3049.0,-5466017.9454,-2404394.6546,2242210.2481,21.225968965365226,-156.256,True
HALY00SAU,HALY,29.139,36.1,861.677,4505447.3492,3285418.6172,3087773.4463,26.06467526302383,36.1,True
HAMD00IRN,HAMD,34.869,48.534,1750.938,3469898.0183,3926741.412,3626961.1469,34.279642442025754,48.534,True
HARB00ZAF,HARB,-25.887,27.707,1558.078,5084657.615,2670325.2503,-2768481.0274,-43.23226718964609,27.707,True
HARK00ZAF,HARK,-25.887,27.708,1555.55,5084625.425,2670366.916,-2768494.036,-43.23189018452982,27.708,True
HART00ZAF,HART,-25.887,27.708,1567.69,5084634.8268,2670372.0831,-2768499.7351,-43.231788064232305,27.708,True
HARV00USA,HARV,34.469,-120.682,14.966,-2686069.745,-4527083.8121,3589502.605,39.468681310129455,-120.682,True
HELJ00DEU,HELJ,54.174,7.893,48.6,3706067.305,513803.74,5148174.375,52.420254349813185,7.893,True
HERP00GBR,HERP,50.867,0.336,72.592,4033454.6,23664.5,4924308.9,48.28331563708829,0.336,True
HERS00GBR,HERS,50.867,0.336,76.5,4033471.33,23667.86,4924300.35,48.28330884337235,0.336,True
HERT00GBR,HERT,50.867,0.334,83.3,4033461.038,23537.662,4924318.165,48.283162091426654,0.334,True
HFLK00AUT,HFLK,47.313,11.386,2383.0,4248505.0,855576.0,4667172.0,45.17991528668843,11.386,True
HILO00USA,HILO,19.719,-155.053,29.0,-5446001.0,-2533417.0,2138468.0,20.492817653839833,-155.053,True
HKSL00HKG,HKSL,22.372,113.928,95.3,-2393382.414,5393861.187,2412592.401,18.561265054645947,113.928,True
HKWS00HKG,HKWS,22.434,114.335,63.8,-2430579.004,5374285.676,2418956.331,18.608704127891247,114.335,True
HLFX00CAN,HLFX,44.684,-63.611,3.1,2018905.8,-4069070.52,4462415.41,49.01258627509238,-63.611,True
HNLC00USA,HNLC,21.303,-157.864,22.0,-5506799.0,-2240050.0,2302720.0,21.556695972449095,-157.864,True
HNPT00USA,HNPT,38.589,-76.13,-28.0,1196626.343,-4846358.5,3956723.115,46.38188314230583,-76.13,True
HNUS00ZAF,HNUS,-34.425,19.223,63.0,4973168.8045,1734085.3905,-3585434.1455,-46.612905495157506,19.223,True
HOB100AUS,HOB1,-42.804,147.44,58.95,-3950181.0827,2522368.048,-4311592.2169,-57.79785394849672,147.44,True
HOB200AUS,HOB2,-42.805,147.439,41.0,-3950072.2497,2522415.3618,-4311637.4022,-57.7993245031057,147.439,True
HOFN00ISL,HOFN,64.267,-15.198,82.9,2679689.9,-727950.9,5722789.6,62.29049190303007,-15.198,True
HOLB00CAN,HOLB,50.64,-128.135,560.0,-2503040.424,-3188233.325,4908701.543,53.89559776088155,-128.135,True
HOLC00USA,HOLC,34.458,-117.845,1238.153,-2459518.22124923,-4655992.07075581,3589168.86731359,40.10167794922391,-117.845,True
HOLM00CAN,HOLM,70.736,-117.761,39.5,-983063.87,-1867634.52,5998678.91,78.7599168254288,-117.761,True
HOLP00USA,HOLP,33.925,-118.168,-6.71,-2500946.0962,-4670472.9515,3539500.5469,39.505693640081496,-118.168,True
HRAG00ZAF,HRAG,-25.89,27.685,1407.38,5085418.18,2668226.51,-2768758.21,-43.24368159673054,27.685,True
HRAO00ZAF,HRAO,-25.89,27.687,1414.3,5085352.597,2668395.992,-2768731.551,-43.242826368854026,27.687,True
HRM100GBR,HRM1,51.454,-1.284,163.1,3981776.642,-89239.095,4965284.65,48.837263298020126,-1.284,True
HRM200GBR,HRM2,51.454,-1.284,163.1,3981776.642,-89239.095,4965284.65,48.837263298020126,-1.284,True
HUEG00DEU,HUEG,47.834,7.596,278.3,4251963.3,567043.8,4704708.7,45.43009585695474,7.596,True
HUMG00VNM,HUMG,21.072,105.774,0.2,-1618564.7274,5729999.8871,2278812.3753,17.27299581167158,105.774,True
HYDE00IND,HYDE,17.417,78.551,441.68,1208444.8595,5966806.0568,1897076.6227,13.020500148180286,78.551,True
IAVH00MAR,IAVH,33.976,-6.867,108.41,5256835.1814,-633051.0775,3544331.0579,27.42054949203346,-6.867,True
IENG00ITA,IENG,45.015,7.639,316.6,4476537.4,600431.46,4488761.34,42.169316333183325,7.639,True
IGM000ARG,IGM0,-34.572,-58.439,48.86,2751801.076,-4479882.682,-3598917.357,-23.392541499538947,-58.439,True
IISC00IND,IISC,13.021,77.57,843.715,1337936.455,6070317.1261,1427876.7852,7.6110624768599315,77.57,True
IITK00IND,IITK,26.521,80.232,71.7,968880.6487,5628037.6499,2830900.7294,24.404021700068494,80.232,True
IMPZ00BRA,IMPZ,-5.492,-47.497,105.0,4289656.4,-4680884.9,-606347.1,-7.251957386523531,-47.497,True
INEG00MEX,INEG,21.856,-102.284,1888.3,-1260435.67,-5788547.37,2360340.12,30.18792826261595,-102.284,True
INVK00CAN,INVK,68.306,-133.527,46.36,-1628432.02,-1714393.06,5903844.73,72.65163558822009,-133.527,True
IQAL00CAN,IQAL,63.756,-68.51,91.7,1036001.02,-2631455.56,5697819.69,71.21177339473536,-68.51,True
IQQE00CHL,IQQE,-20.274,-70.132,38.9,2034208.0,-5629172.0,-2196142.0,-9.05894440822849,-70.132,True
IRKJ00RUS,IRKJ,52.219,104.316,502.1,-968328.35,3794426.541,5018167.196,57.89373467575535,104.316,True
IRKM00RUS,IRKM,52.219,104.316,502.317,-968332.3889,3794425.4087,5018167.7058,57.8937338772868,104.316,True
IRKT00RUS,IRKT,52.219,104.316,503.382,-968332.1608,3794425.4408,5018167.7973,57.893729958536895,104.316,True
ISBA00IRQ,ISBA,33.341,44.438,72.4,3808364.974,3734430.116,3485693.39,32.13374666273131,44.438,True
ISHI00JPN,ISHI,36.209,140.219,155.83,-3959648.7541,3296836.3371,3747005.5756,30.83980150562782,140.219,True
ISPA00CHL,ISPA,-27.125,-109.344,112.48,-1881702.3544,-5359980.1114,-2890599.3474,-19.856103201667008,-109.344,True
ISTA00TUR,ISTA,41.104,29.019,147.2,4208830.46,2334850.14,4171267.18,39.77642215639708,29.019,True
IZMI00TUR,IZMI,38.395,27.082,74.9,4456584.236,2278765.506,3939930.889,36.30902730198417,27.082,True
JAB100AUS,JAB1,-12.659,132.894,82.114,-4236442.67509,4559929.626,-1388624.813,-22.626992815766766,132.894,True
JAMA00JAM,JAMA,17.939,-76.781,-2.941,1388059.814,-5909149.076,1951963.791,26.633158091188687,-76.781,True
JCTW00ZAF,JCTW,-33.951,18.469,83.596,5023564.462,1677795.751,-3542025.865,-47.032786334827,18.469,True
JDPR00IND,JDPR,26.207,73.024,168.2,1671950.8578,5476891.3303,2799675.5722,24.046171186951423,73.024,True
JFNG00CHN,JFNG,30.516,114.491,71.324,-2279828.8292,5004706.5483,3219777.4684,28.50673201345613,114.491,True
JNAV00VNM,JNAV,21.005,105.844,34.87,-1626346.47,5730605.79,2271881.48,17.18937176089943,105.844,True
JOG200IDN,JOG2,-7.764,110.372,174.4,-2200208.0871,5924895.6273,-855929.2334,-17.19361483580387,110.372,True
JOZ200POL,JOZ2,52.098,21.032,152.3,3664881.0,1409190.0,5009618.0,51.30861640970314,21.032,True
JOZE00POL,JOZE,52.097,21.032,141.4,3664940.5,1409153.59,5009571.17,51.307588710908355,21.032,True
JPLM00USA,JPLM,34.205,-118.173,423.984,-2493304.6796,-4655215.1032,3565497.5918,39.77917260916737,-118.173,True
JPRE00ZAF,JPRE,-25.732,28.283,1387.327,5064032.232,2724721.054,-2752950.721,-42.932319873673656,28.283,True
KARR00AUS,KARR,-20.981,117.097,109.1,-2713833.2625,5303935.1096,-2269513.7461,-33.3985351796776,117.097,True
KAT100AUS,KAT1,-14.376,132.153,184.3,-4147413.8169,4581462.5899,-1573359.0814,-24.65389282826506,132.153,True
KELY00GRL,KELY,66.987,-50.945,230.0,1575558.808,-1941828.029,5848076.708,69.81290855153951,-50.945,True
KERG00ATF,KERG,-49.351,70.256,73.009,1406337.0,3918161.0,-4816168.0,-53.18718588215755,70.256,True
KGN000JPN,KGN0,35.707,139.489,128.5,-3942148.909,3368281.89,3701898.611,30.399484644780493,139.489,True
KGNI00JPN,KGNI,35.71,139.488,123.5,-3941949.165,3368156.343,3702214.825,30.403031785513782,139.488,True
KHAJ00RUS,KHAJ,48.521,135.046,130.6,-2995266.4,2990444.7,4755576.0,46.34512465809353,135.046,True
KHAR00UKR,KHAR,50.005,36.239,201.0,3312984.369,2428203.401,4863307.795,50.494346902403514,36.239,True
KIR000SWE,KIR0,67.878,21.06,498.0,2248123.504,865686.533,5886425.594,66.30708551662525,21.06,True
KIR800SWE,KIR8,67.878,21.06,498.0,2248127.371,865685.468,5886424.301,66.30708551662525,21.06,True
KIRI00KIR,KIRI,1.355,172.923,36.2,-6327822.269,785605.551,149769.724,-2.718998134644732,172.923,True
KIRU00SWE,KIRU,67.857,20.968,390.9,2251420.999,862817.095,5885476.564,66.28269016192216,20.968,True
KIT300UZB,KIT3,39.135,66.885,622.6,1944944.8306,4556652.418,4004326.1235,40.244037192759954,66.885,True
KITG00UZB,KITG,39.133,66.887,620.631,1944879.726,4556783.77,4004205.937,40.241615941629156,66.887,True
KLSQ00GRL,KLSQ,66.996,-50.62,353.2,1586032.319,-1932258.392,5848546.971,69.74970501114399,-50.62,True
KMNM00TWN,KMNM,24.464,118.389,49.1,-2761837.8555,5110347.1476,2625150.8677,20.691485187828544,118.389,True
KODK00USA,KODK,57.74,-152.5,37.93,-3027465.38,-1575906.21,5370078.0,55.3146827087576,-152.5,True
KOKB00USA,KOKB,22.126,-159.665,1167.522,-5543838.3609,-2054586.6103,2387810.1225,22.042029355476775,-159.665,True
KOKV00USA,KOKV,22.126,-159.665,1167.522,-5543838.3609,-2054586.6103,2387810.1225,22.042029355476775,-159.665,True
KOS100NLD,KOS1,52.173,5.818,104.8,3899613.948,397361.592,5014738.666,50.12198018417008,5.818,True
KOSG00NLD,KOSG,52.178,5.81,97.9,3899225.273,396731.801,5015078.332,50.126833553434274,5.81,True
KOST00KAZ,KOST,53.225,63.608,159.265,1701038.957,3427939.4424,5085671.495,56.931348960055296,63.608,True
KOU100GUF,KOU1,5.252,-52.806,-25.745,3839590.282,-5059568.325,579957.894,5.948380574127876,-52.806,True
KOUC00NCL,KOUC,-20.559,164.287,84.2,-5751222.662,1617967.645,-2225744.218,-28.265938556268466,164.287,True
KOUG00GUF,KOUG,5.098,-52.64,107.248,3855263.0,-5049731.0,563040.0,5.71283694340588,-52.64,True
KOUR00GUF,KOUR,5.252,-52.806,-25.57,3839591.447,-5059567.538,579956.867,5.948380872123591,-52.806,True
KR0G00SWE,KR0G,67.877,21.06,498.05,2248123.41488115,865686.580214115,5886425.72295818,66.30620880073764,21.06,True
KRGG00ATF,KRGG,-49.352,70.256,72.967,1406336.2099,3918154.6213,-4816172.8453,-53.18724102065724,70.256,True
KRS100TUR,KRS1,40.588,43.093,1811.7,3542999.668,3314720.171,4129002.589,40.62928468420948,43.093,True
KSMV00JPN,KSMV,35.955,140.658,57.9,-3997525.381,3276870.936,3724218.516,30.481575500727676,140.658,True
KSTU00RUS,KSTU,55.99,92.79,210.0,-174281.68,3571333.04,5264196.05,63.32789876587352,92.79,True
KSU100USA,KSU1,39.101,-96.609,325.591,-570504.689,-4923591.018,4001208.4839,48.815954585979036,-96.609,True
KUJ200CAN,KUJ2,55.29,-77.735,8.6,773263.38,-3557025.2,5219841.77,64.9882929930494,-77.735,True
KUNM00CHN,KUNM,25.03,102.797,1986.2,-1281255.52,5640746.09,2682880.08,22.264104708092976,102.797,True
KUUJ00CAN,KUUJ,55.278,-77.745,-0.5,772857.57,-3558198.7,5219095.88,64.97773168282009,-77.745,True
KWJ100MHL,KWJ1,8.722,167.73,38.0,-6160880.8779,1339883.3948,960810.6383,3.5545288554499206,167.73,True
KZN200RUS,KZN2,55.791,49.119,94.6,2352345.7,2717466.1,5251458.5,57.85123364106941,49.119,True
LAE100PNG,LAE1,-6.674,146.993,140.35,-5312857.053,3451108.016,-736322.743,-15.265192849265745,146.993,True
LAMA00POL,LAMA,53.892,20.67,186.7,3524523.0,1329693.0,5129846.0,53.14294189128805,20.67,True
LAUT00FJI,LAUT,-17.609,177.447,89.7,-6075194.5,270924.0,-1917189.6,-22.25324193714392,177.447,True
LBCH00USA,LBCH,33.788,-118.203,-27.58,-2507798.7984,-4676369.6918,3526890.8008,39.36374905063256,-118.203,True
LCK200IND,LCK2,26.913,80.956,50.496,894638.955,5620570.209,2869603.578,24.89736572034673,80.956,True
LCK300IND,LCK3,26.912,80.956,64.165,894676.3053,5620593.4735,2869571.0496,24.8960755718313,80.956,True
LCK400IND,LCK4,26.912,80.956,64.2,894678.4718,5620595.0084,2869567.4303,24.896075527427747,80.956,True
LCKI00IND,LCKI,26.912,80.956,50.459,894647.551,5620574.904,2869591.701,24.896092960306245,80.956,True
LEEP00USA,LEEP,34.135,-118.322,485.052,-2507463.3769,-4652631.9932,3559086.80534,39.67721616548484,-118.322,True
LEIJ00DEU,LEIJ,51.354,12.374,178.4,3898736.2,855345.5,4958372.6,49.76390912337633,12.374,True
LHAS00CHN,LHAS,29.657,91.104,3622.0,-106937.063,5549267.2,3139214.644,28.35961265392179,91.104,True
LHAZ00CHN,LHAZ,29.657,91.104,3622.0,-106943.5,5549296.14,3139212.6,28.35961265392179,91.104,True
LHUE00USA,LHUE,21.985,-159.339,46.0,-5536611.0,-2087778.0,2372845.0,21.96361608845875,-159.339,True
LICC00GBR,LICC,51.5,-0.175,88.7,3978703.569,-12141.038,4968417.218,48.95817335651006,-0.175,True
LIND00USA,LIND,47.0,-120.54,471.98,-2214365.82,-3753477.5,4642135.0,52.20939382371424,-120.54,True
LLAG00ESP,LLAG,28.482,-16.321,622.82,5384906.53,-1576770.73,3023828.01,20.383416488533285,-16.321,True
LMMF00MTQ,LMMF,14.595,-60.996,-27.0,2993387.952,-5399363.731,1596748.042,18.582736473062326,-60.996,True
LONG00USA,LONG,34.112,-118.003,74.261,-2482077.7802,-4667438.8897,3556771.7302,39.72586037702523,-118.003,True
LPAL00ESP,LPAL,28.764,-17.894,2207.0,5326648.0,-1719828.0,3052056.0,20.79147515203529,-17.894,True
LPGS00ARG,LPGS,-34.907,-57.932,29.9,2780102.9896,-4437418.9149,-3629404.5253,-23.786893110417846,-57.932,True
LROC00FRA,LROC,46.159,-1.219,57.9,4424632.8,-94175.5,4577543.9,42.74778761416246,-1.219,True
M0SE00ITA,M0SE,41.893,12.493,120.6,4642432.5,1028629.4,4236854.2,38.943381766220604,12.493,True
MAC100AUS,MAC1,-54.5,158.936,-6.8,-3464038.831,1334173.214,-5169223.926,-68.33026668954014,158.936,True
MAD200ESP,MAD2,40.429,-4.25,829.5,4849202.3989,-360328.9943,4114913.1884,35.609980849632194,-4.25,True
MADR00ESP,MADR,40.429,-4.25,829.5,4849202.394,-360328.9929,4114913.1862,35.609980849632194,-4.25,True
MAG000RUS,MAG0,59.576,150.77,361.927,-2825810.152,1581233.0113,5477005.6213,56.5372515650263,150.77,True
MAJU00MHL,MAJU,7.119,171.365,33.9,-6257572.5057,950332.3662,785215.1556,2.7321364718416827,171.365,True
MAL200KEN,MAL2,-2.996,40.194,-20.4,4865385.694,4110717.189,-331137.637,-13.261440867139392,40.194,True
MALD00MDV,MALD,4.189,73.526,-92.0,1803858.0,6099998.0,462749.0,-3.2026752446590696,73.526,True
MALI00KEN,MALI,-2.996,40.194,22.72,4865366.806,4110737.596,-331121.78,-13.261354565510436,40.194,True
MALL00ESP,MALL,39.553,2.625,62.0,4919369.645,225499.596,4039849.56,35.111070072870604,2.625,True
MANA00NIC,MANA,12.149,-86.249,71.0,407981.838,-6222925.713,1333528.967,22.02088928977071,-86.249,True
MANZ00MEX,MANZ,19.064,-104.298,-14.0,-1489331.0,-5843668.0,2070028.0,27.010950286106667,-104.298,True
MAR600SWE,MAR6,60.595,17.259,75.4,2998189.713,931451.589,5533398.473,59.471347999051524,17.259,True
MAR700SWE,MAR7,60.595,17.258,74.3,2998198.758,931449.71,5533392.638,59.47128125623595,17.258,True
MARS00FRA,MARS,43.279,5.354,61.7,4630532.8,433946.1,4350142.6,39.89366303029964,5.354,True
MAS100ESP,MAS1,27.764,-15.633,197.2,5439192.263,-1522055.61,2953454.72,19.473677118368425,-15.633,True
MASP00ESP,MASP,27.764,-15.633,198.32,5439196.7929,-1522028.566,2953462.7784,19.473678277770492,-15.633,True
MAT100ITA,MAT1,40.649,16.705,534.5,4641951.507,1393053.602,4133280.821,37.882913817011215,16.705,True
MATE00ITA,MATE,40.649,16.704,535.6,4641949.709,1393045.298,4133287.333,37.88280521186149,16.704,True
MATG00ITA,MATG,40.649,16.705,537.0,4641953.035,1393063.547,4133279.589,37.8829088792506,16.705,True
MATH00USA,MATH,33.86,-117.44,397.61,-2443215.38,-4706037.44,3533477.61,39.603829976023945,-117.44,True
MAUI00USA,MAUI,20.707,-156.257,3062.0,-5466069.0,-2404328.0,2242127.0,21.224954711669213,-156.257,True
MAW100ATA,MAW1,-67.605,62.871,59.2,1111287.138,2168911.297,-5874493.644,-51.01088538452314,62.871,True
MAYG00MYT,MAYG,-12.782,45.258,-16.35,4379104.6069,4418744.4751,-1401897.9428,-25.20095392993836,45.258,True
MBAR00UGA,MBAR,-0.601,30.738,1337.653,5482951.3876,3260442.6429,-66519.8489,-12.245707260330049,30.738,True
MCHL00AUS,MCHL,-26.359,148.145,534.6,-4857858.9306,3018464.3696,-2814983.2242,-37.740876782772865,148.145,True
MCIL00JPN,MCIL,24.29,153.979,35.66,-5227188.142,2551880.364,2607617.909,17.1285027689757,153.979,True
MCM400ATA,MCM4,-77.838,166.669,98.022,-1311703.172,310814.982,-6213255.16,-70.96074626894583,166.669,True
MDO100USA,MDO1,30.681,-104.015,2004.5,-1329998.797,-5328393.357,3236504.141,39.016280756725,-104.015,True
MDVJ00RUS,MDVJ,56.021,37.215,257.4,2845456.3,2160954.3,5265993.4,56.771760296410356,37.215,True
MDVO00RUS,MDVO,56.027,37.224,254.8,2844672.27,2161070.08,5266363.81,56.77861120363538,37.224,True
MEDI00ITA,MEDI,44.52,11.647,50.0,4461400.894,919593.443,4449504.669,41.97891421264745,11.647,True
MELI00ESP,MELI,35.281,-2.952,93.5,5205630.0,-268410.0,3663434.0,29.320570268475727,-2.952,True
MERS00TUR,MERS,36.566,34.256,38.5,4239149.446,2886967.945,3778877.023,34.950318361597546,34.256,True
MET300FIN,MET3,60.217,24.395,79.2,2892583.975,1311799.563,5512619.854,59.6480007183802,24.395,True
METG00FIN,METG,60.242,24.384,59.7,2890652.524,1310295.517,5513958.853,59.67057103165588,24.384,True
METS00FIN,METS,60.217,24.395,94.6,2892570.999,1311843.28,5512634.011,59.647974735010266,24.395,True
METZ00FIN,METZ,60.217,24.395,94.5,2892570.935,1311843.339,5512634.049,59.64797490373248,24.395,True
MFKG00ZAF,MFKG,-25.805,25.54,1310.9,5185375.39,2477739.181,-2760201.1271,-44.07422942454376,25.54,True
MGUE00ARG,MGUE,-35.777,-69.398,1554.15,1823327.909,-4850352.447,-3709085.536,-21.135500382626553,-69.398,True
MIKL00UKR,MIKL,46.973,31.973,94.7,3698554.628,2308675.267,4639770.434,46.797543539400664,31.973,True
MIZU00JPN,MIZU,39.135,141.133,117.0,-3857167.6484,3108694.9138,4004041.6876,33.97684615799328,141.133,True
MKEA00USA,MKEA,19.801,-155.456,3754.7,-5464105.317,-2495165.842,2148291.476,20.515083250433538,-155.456,True
MOBJ00RUS,MOBJ,55.115,36.57,182.608,2936424.674,2178374.012,5208858.3846,55.80525294123472,36.57,True
MOBK00RUS,MOBK,55.115,36.57,182.608,2936424.674,2178374.012,5208858.3846,55.80525294123472,36.57,True
MOBN00RUS,MOBN,55.115,36.57,182.634,2936432.14,2178364.5,5208858.18,55.8052528899777,36.57,True
MOBS00AUS,MOBS,-37.829,144.975,40.6,-4130636.754,2894953.14,-3890530.236,-52.15692237531449,144.975,True
MOIN00CRI,MOIN,9.987,-83.094,30.03,755370.463,-6236570.6665,1098853.348,19.975844855102434,-83.094,True
MOIU00KEN,MOIU,0.288,35.29,2201.532,5207811.3703,3685972.9487,31891.7647,-9.986946224214956,35.29,True
MONP00USA,MONP,32.89,-116.42,1842.55,-2386247.3,-4802359.2,3444902.34,38.87177330864412,-116.42,True
MORP00GBR,MORP,55.213,-1.685,144.5,3645667.9,-107277.3,5215053.5,52.93798757548122,-1.685,True
MQZG00NZL,MQZG,-43.703,172.655,154.68,-4580569.543,590465.441,-4384380.166,-52.062663977042284,172.655,True
MR6G00SWE,MR6G,60.595,17.259,75.44,2998189.6193977,931451.638650432,5533398.5922612,59.47134793137335,17.259,True
MRC100USA,MRC1,38.499,-77.37099999999998,27.2,1092811.8197,-4877221.9707,3948968.109,46.60307557898735,-77.37099999999998,True
MRL100NZL,MRL1,-41.576,173.741,147.2,-4749991.001,520984.518,-4210604.147,-49.519950277261714,173.741,True
MRL200NZL,MRL2,-41.576,173.741,147.2,-4749991.001,520984.518,-4210604.147,-49.519950277261714,173.741,True
MRO100AUS,MRO1,-26.697,116.637,354.1,-2556630.049,5097138.2888,-2848384.7854,-41.01190406386501,116.637,True
MSGR00BRA,MSGR,-20.445,-54.723,532.6,3453185.8,-4881336.1,-2214148.6,-15.616686874403088,-54.723,True
MSKU00GAB,MSKU,-1.631,13.552,387.0,6198434.8728,1494063.6145,-180355.8994,-17.503749474128462,13.552,True
MSSA00JPN,MSSA,36.14,138.352,1626.576,-3854396.7261,3427835.9923,3741739.5228,31.08803357706095,138.352,True
MTBG00AUT,MTBG,47.738,16.404,294.0,4122590.8,1213676.7,4697542.0,46.140144199053594,16.404,True
MTKA00JPN,MTKA,35.68,139.561,109.0,-3947762.7496,3364399.8789,3699428.5111,30.356831954175306,139.561,True
MTV100URY,MTV1,-34.914,-56.176,40.7,2914536.977,-4349790.287,-3630033.464,-24.532029703569265,-56.176,True
MTV200URY,MTV2,-34.914,-56.176,40.7,2914536.977,-4349790.287,-3630033.464,-24.532029703569265,-56.176,True
NABG00NOR,NABG,78.943,11.857,42.9,1201009.37,252158.016,6238022.126,75.73196092588054,11.857,True
NAIN00CAN,NAIN,56.537,-61.689,33.48,1671837.36,-3103474.6,5297671.08,61.716834674153986,-61.689,True
NAMA00SAU,NAMA,19.211,42.045,2703.221,4476295.2135,4036794.57,2086353.0507,14.598138669722987,42.045,True
NANO00CAN,NANO,49.295,-124.086,6.0,-2335726.73,-3451608.329,4812009.971,53.64932705956097,-124.086,True
NAUR00NRU,NAUR,-0.552,166.926,46.3,-6212555.1726,1442786.6229,-61006.7968,-5.916744834998793,166.926,True
NAUS00BRA,NAUS,-3.023,-60.055,93.8,3179409.3,-5519130.6,-334110.1,2.2785523574561632,-60.055,True
NCKU00TWN,NCKU,22.997,120.223,98.217,-2956913.107,5075881.93,2476417.112,18.74454090744063,120.223,True
NICO00CYP,NICO,35.141,33.396,190.1,4359415.4,2874117.3,3650778.1,33.11247679408897,33.396,True
NIST00USA,NIST,39.995,-105.263,1648.353,-1288398.567,-4721696.932,4078625.35,48.52515185348677,-105.263,True
NISU00USA,NISU,39.995,-105.262,1653.9,-1288363.592,-4721684.338,4078659.412,48.525343508033785,-105.262,True
NIUM00NIU,NIUM,-19.077,-169.927,90.1,-5937159.6673,-1054675.7248,-2071390.5806,-21.516951085445417,-169.927,True
NKAY00LAO,NKAY,17.719,105.153,521.6,-1588774.773,5866612.117,1928955.014,13.16196223800866,105.153,True
NKLG00GAB,NKLG,0.354,9.672,31.496,6287385.7333,1071574.6758,39132.0395,-15.113870782550228,9.672,True
NLIB00USA,NLIB,41.772,-91.575,207.065,-130934.4493,-4762291.7386,4226854.6638,51.92912861677305,-91.575,True
NNOR00AUS,NNOR,-31.049,116.193,234.984,-2414151.326,4907778.436,-3270645.333,-46.91532432103644,116.193,True
NOT100ITA,NOT1,36.876,14.99,126.2,4934528.669,1321262.251,3806479.508,33.062990505852895,14.99,True
NOTO00ITA,NOTO,36.876,14.99,126.2,4934528.669,1321262.251,3806479.508,33.062990505852895,14.99,True
NOUM00FRA,NOUM,-22.27,166.41,83.079,-5739971.533,1387563.675,-2402123.573,-29.791483806220775,166.41,True
NOVJ00RUS,NOVJ,55.047,82.909,142.4,452288.5,3635913.5,5203398.9,61.5020501635655,82.909,True
NOVM00RUS,NOVM,55.031,82.909,149.98,452261.2,3635877.47,5203453.26,61.482036921998635,82.909,True
NPLD00GBR,NPLD,51.421,-0.34,72.7,3985500.414,-23625.4933,4962941.695,48.859412128572764,-0.34,True
NRC100CAN,NRC1,45.454,-75.624,82.5,1112777.33,-4341475.83,4522955.78,53.603576120500016,-75.624,True
NRC200CAN,NRC2,45.454,-75.624,82.48,1112777.33,-4341475.83,4522955.78,53.60357613262227,-75.624,True
NRIL00RUS,NRIL,69.362,88.36,47.894,64537.2912,2253782.8543,5946363.4808,77.97193696509686,88.36,True
NRL100USA,NRL1,38.821,-77.024,-26.01,1117249.15762,-4848758.67469,3976821.16656,46.85361383017859,-77.024,True
NRMD00NCL,NRMD,-22.228,166.485,160.4,-5743537.658,1380504.26,-2397897.027,-29.728234044048083,166.485,True
NRMG00NCL,NRMG,-22.228,166.485,160.364,-5743537.971,1380504.0131,-2397896.3726,-29.72823404434635,166.485,True
NSSP00ARM,NSSP,40.226,44.503,1194.755,3478646.5381,3418805.8864,4097987.2864,40.33216181741885,44.503,True
NTUS00SGP,NTUS,1.346,103.68,79.0,-1508022.0,6195580.0,148800.0,-6.620830389667773,103.68,True
NURK00RWA,NURK,-1.945,30.09,1485.3,5516756.632,3196624.8504,-215027.2589,-14.214147627977644,30.09,True
NVSK00RUS,NVSK,54.841,83.236,123.643,433604.1534,3655557.747,5191288.0377,61.27621732897459,83.236,True
NYA100NOR,NYA1,78.93,11.865,83.7,1202434.0,252632.0,6237772.0,75.7201882628325,11.865,True
NYA200NOR,NYA2,78.93,11.859,81.5,1202379.31,252474.6543,6237786.5417,75.72004823921898,11.859,True
NYAL00NOR,NYAL,78.93,11.865,79.0,1202431.0,252627.0,6237768.0,75.72018392003382,11.865,True
OAFA00ARG,OAFA,-31.509,-68.623,727.3,1984093.3,-5068867.9,-3314488.0,-18.33636813995048,-68.623,True
OAK100GBR,OAK1,51.118,-0.905,139.6,4011440.89,-63375.739,4941877.084,48.483957831789375,-0.905,True
OAK200GBR,OAK2,51.118,-0.905,139.6,4011440.89,-63375.739,4941877.084,48.483957831789375,-0.905,True
OAT200USA,OAT2,34.33,-118.611,1113.31,-2524553.76,-4630094.18,3577352.18,39.80347418823731,-118.611,True
OATT00USA,OATT,34.33,-118.601,1109.8,-2524533.5752,-4630088.6745,3577368.4087,39.80572631560056,-118.601,True
OBE200DEU,OBE2,48.1,11.311,651.0,4186575.0,835012.0,4723760.0,46.069479597819544,11.311,True
OBE400DEU,OBE4,48.085,11.278,650.6,4186704.43,834903.583,4723664.857,46.04949492523896,11.278,True
OBER00DEU,OBER,48.086,11.28,651.0,4186575.42,835012.38,4723760.22,46.05080812995023,11.28,True
OBET00DEU,OBET,48.084,11.278,638.0,4186739.694,834887.973,4723619.668,46.048392367833614,11.278,True
OHI200ATA,OHI2,-63.321,-57.901,33.1,1525811.8,-2432479.1,-5676166.0,-36.9786166794874,-57.901,True
OHI300ATA,OHI3,-63.321,-57.901,32.15,1525808.9,-2432478.5,-5676166.0,-36.97861153699529,-57.901,True
OHIG00ATA,OHIG,-63.321,-57.9,30.62,1525872.392,-2432481.273,-5676146.066,-36.97862255437353,-57.9,True
OHIZ00ATA,OHIZ,-63.321,-57.9,30.6,1525872.392,-2432481.273,-5676146.066,-36.97862244611066,-57.9,True
ONS100SWE,ONS1,57.395,11.925,44.4,3370667.198,711818.723,5349787.879,56.00781037240778,11.925,True
ONSA00SWE,ONSA,57.395,11.926,45.5,3370658.832,711876.939,5349786.745,56.007876841261165,11.926,True
OP7100FRA,OP71,48.836,2.335,124.553,4202779.735,171370.766,4778660.65,46.12975680569409,2.335,True
OPMT00FRA,OPMT,48.836,2.335,124.2,4202777.3831,171367.9881,4778660.1844,46.12975744042445,2.335,True
ORID00MKD,ORID,41.127,20.794,773.0,4498451.81,1708266.83,4173591.78,38.897268602646115,20.794,True
OS0G00SWE,OS0G,57.395,11.926,46.5,3370658.8318,711876.9387,5349786.745,56.00787489790555,11.926,True
OSJE00HRV,OSJE,45.561,18.68,153.9,4237753.36,1432791.55,4531310.18,43.888145209964044,18.68,True
OSN100KOR,OSN1,37.078,127.024,48.9,-3067861.732,4067639.179,3824294.063,34.46957864175821,127.024,True
OSN200KOR,OSN2,37.078,127.024,48.9,-3067861.732,4067639.179,3824294.063,34.46957864175821,127.024,True
OSN300KOR,OSN3,37.083,127.034,64.4,-3068340.81,4066863.981,3824757.006,34.47347427639577,127.034,True
OSN400KOR,OSN4,37.083,127.034,64.4,-3068340.81,4066863.981,3824757.006,34.47347427639577,127.034,True
OUS200NZL,OUS2,-45.869,170.511,26.1,-4387890.8367,733420.3903,-4555176.3706,-54.97392133282268,170.511,True
OWMG00NZL,OWMG,-44.024,-176.369,21.603,-4584394.1059,-290931.9957,-4410048.0233,-49.33498726401587,-176.369,True
OWNG00NZL,OWNG,-44.025,-176.368,23.707,-4584344.6155,-290965.077,-4410099.9897,-49.33571166097654,-176.368,True
P04300USA,P043,43.881,-104.186,1490.933,-1128701.5937,-4465270.5852,4399615.9675,52.931716000130265,-104.186,True
P05100USA,P051,45.807,-108.546,1081.098,-1416838.9163,-4223178.9758,4551064.1022,54.11971059708546,-108.546,True
P05300USA,P053,48.726,-107.725,814.988,-1283559.1005,-4015770.3241,4771131.6324,57.56266725638349,-107.725,True
P38900USA,P389,43.812,-120.603,1397.891,-2347407.3618,-3968720.2532,4394008.5091,48.81596077132943,-120.603,True
P77900USA,P779,35.202,-82.872,880.087,647472.8123,-5177938.9848,3656703.6083,44.29129545080783,-82.872,True
P80200USA,P802,46.558,-100.623,573.1,-810033.1477,-4318611.4126,4608498.8926,56.50611166223131,-100.623,True
PADO00ITA,PADO,45.411,11.896,64.7,4388882.41,924567.03,4519588.45,43.04424637337781,11.896,True
PALM00ATA,PALM,-64.775,-64.051,31.239,1192671.992,-2450887.706,-5747096.184,-37.94731558010108,-64.051,True
PALV00ATA,PALV,-64.775,-64.051,31.239,1192671.992,-2450887.706,-5747096.184,-37.94731558010108,-64.051,True
PAMA00PYF,PAMA,-17.567,-149.574,367.21,-5245215.2493,-3080494.9886,-1912831.8399,-16.55281870303056,-149.574,True
PARC00CHL,PARC,-53.137,-70.88,22.3,1255992.5,-3622975.2,-5079719.2,-30.90043895009048,-70.88,True
PARK00AUS,PARK,-32.999,148.265,397.4,-4554255.2298,2816652.4564,-3454059.7149,-45.69129638549155,148.265,True
PBR200IND,PBR2,11.638,92.712,-22.434,-295647.568,6240844.852,1278180.667,5.5822431180941114,92.712,True
PBR400IND,PBR4,11.637,92.712,-14.6,-295668.617,6240862.9057,1278143.3359,5.581004981579757,92.712,True
PBRI00IND,PBRI,11.638,92.712,-22.554,-295635.699,6240845.879,1278177.797,5.58224314679674,92.712,True
PDEL00PRT,PDEL,37.748,-25.663,110.8,4551596.139,-2186893.415,3883410.679,32.35393935069783,-25.663,True
PEN200HUN,PEN2,47.79,19.282,294.0,4052438.0,1417688.0,4701418.0,46.472763975317314,19.282,True
PENC00HUN,PENC,47.79,19.282,291.7,4052449.8,1417680.8,4701406.9,46.47276930941667,19.282,True
PERT00AUS,PERT,-31.802,115.885,12.7,-2368688.0359,4881316.6955,-3341794.9735,-47.96820126849645,115.885,True
PETP00RUS,PETP,53.067,158.607,211.034,-3576239.7671,1401003.4812,5075177.448,47.21832901510563,158.607,True
PETR00RUS,PETR,53.067,158.607,211.03,-3576236.0296,1401010.713,5075179.0183,47.21832900987725,158.607,True
PETS00RUS,PETS,53.023,158.65,102.2,-3580828.5,1399698.1,5072185.2,47.16074040861768,158.65,True
PGEN00PHL,PGEN,6.065,125.132,121.086,-3650007.45,5187339.681,669409.364,-1.0991709155860503,125.132,True
PICL00CAN,PICL,51.48,-90.162,315.1,-11253.04,-3980586.68,4967210.25,62.66220646220691,-90.162,True
PIE100USA,PIE1,34.302,-108.119,2347.711,-1640916.928,-5014781.187,3575447.077,42.01829348004214,-108.119,True
PIMO00PHL,PIMO,14.636,121.078,95.532,-3186293.8,5286624.28,1601158.31,8.93001530496988,121.078,True
PIN100USA,PIN1,33.61,-116.46,1256.17,-2369510.78,-4761206.89,3511396.27,39.573582304114304,-116.46,True
PIN200USA,PIN2,33.612,-116.458,1258.4,-2369466.385,-4761231.774,3511396.569,39.57599654086874,-116.458,True
PNGM00PNG,PNGM,-2.043,147.366,116.3,-5367943.2,3437431.2,-225886.0,-10.241123307269675,147.366,True
POAL00BRA,POAL,-30.074,-51.12,76.75,3467519.4,-4300378.53,-3177517.73,-24.32473856508259,-51.12,True
POHN00FSM,POHN,6.96,158.21,90.7,-5879158.7411,2350291.7598,767748.1911,0.21650894616382432,158.21,True
POL200KGZ,POL2,42.68,74.694,1714.2,1239971.4511,4530790.0876,4302578.795,45.06637148629483,74.694,True
POLV00UKR,POLV,49.603,34.543,178.1,3411557.338,2348463.835,4834396.643,49.90409489407033,34.543,True
POTS00DEU,POTS,52.379,13.066,144.4,3800689.6341,882077.3857,5028791.3179,50.922992903149684,13.066,True
POVE00BRA,POVE,-8.709,-63.896,119.6,2774265.608,-5662060.1407,-959415.8531,-1.013657282911773,-63.896,True
PPPC00PHL,PPPC,9.773,118.74,66.528,-3022676.63,5511839.312,1075517.497,3.521280129678397,118.74,True
PRDS00CAN,PRDS,50.871,-114.294,1247.9,-1659602.83,-3676725.75,4925493.59,58.28318959668276,-114.294,True
PRE100ZAF,PRE1,-25.746,28.224,1416.4,5066232.133,2719226.969,-2754392.735,-42.96209599636647,28.224,True
PRE200ZAF,PRE2,-25.746,28.224,1416.4,5066232.133,2719226.969,-2754392.735,-42.96209599636647,28.224,True
PRE300ZAF,PRE3,-25.746,28.224,1413.8,5066223.489,2719222.966,-2754406.543,-42.96211743749746,28.224,True
PRE400ZAF,PRE4,-25.746,28.224,1413.8,5066223.489,2719222.966,-2754406.543,-42.96211743749746,28.224,True
PTAG00PHL,PTAG,14.535,121.041,86.65,-3184318.607,5291065.565,1590418.272,8.817258259271195,121.041,True
PTBB00DEU,PTBB,52.296,10.46,130.2,3844060.11,709661.2,5023129.46,50.619834166491565,10.46,True
PTGG00PHL,PTGG,14.535,121.041,84.9,-3184364.705,5291037.104,1590413.539,8.81725968049363,121.041,True
PTVL00VUT,PTVL,-17.749,168.315,86.4,-5950573.262,1230677.252,-1932016.954,-24.272915995881412,168.315,True
PVEP00USA,PVEP,33.74,-118.411,70.1,-2525523.2,-4670030.66,3522843.13,39.27066192641776,-118.411,True
QAQ100GRL,QAQ1,60.715,-46.048,110.4,2170942.18,-2251829.95,5539988.29,62.260430500373225,-46.048,True
QIKI00CAN,QIKI,67.559,-64.034,13.3,1069081.29,-2195214.2,5872519.02,73.48344133611876,-64.034,True
QUI100ECU,QUI1,-0.215,-78.494,2922.6,1272867.31,-6252772.219,-23801.818,10.308688901185178,-78.494,True
QUI200ECU,QUI2,-0.215,-78.494,2922.6,1272867.31,-6252772.219,-23801.818,10.308688901185178,-78.494,True
QUI300ECU,QUI3,-0.14,-78.467,2927.5,1275746.601,-6252216.81,-15440.994,10.375619959563164,-78.467,True
QUI400ECU,QUI4,-0.14,-78.467,2927.5,1275746.601,-6252216.81,-15440.994,10.375619959563164,-78.467,True
QUIN00USA,QUIN,39.975,-120.944,1105.765,-2517231.209,-4198595.058,4076531.208,44.81015541725885,-120.944,True
RABT00MAR,RABT,33.998,-6.854,90.1,5255617.68,-631745.622,3546322.61,27.448839215087396,-6.854,True
RAEG00PRT,RAEG,36.986,-25.126,297.9,4618477.733,-2166047.526,3816304.845,31.3798994935226,-25.126,True
RAMO00ISR,RAMO,30.598,34.763,893.1,4514719.1,3133506.0,3228042.6,27.691907360369875,34.763,True
RBAY00ZAF,RBAY,-28.796,32.078,31.8,4739765.8116,2970758.3766,-3054077.6457,-42.673094014541874,32.078,True
RCM600USA,RCM6,25.614,-80.384,-15.56,961334.78,-5674074.21,2740535.17,34.40248986145348,-80.384,True
RCMN00KEN,RCMN,-1.221,36.894,1607.54,5101067.6,3829081.6,-135016.5,-11.601766078825085,36.894,True
RDSD00DOM,RDSD,18.461,-69.911,-9.209,2078681.178,-5683736.413,2006886.9092,25.383339514754837,-69.911,True
RECF00BRA,RECF,-8.051,-34.952,20.2,5176588.61,-3618162.16,-887363.77,-17.544953102179903,-34.952,True
REDU00BEL,REDU,50.002,5.145,369.9,4091423.462,368380.429,4863179.703,47.67140952352031,5.145,True
RESO00CAN,RESO,74.691,-94.893,34.9,-144097.43,-1683123.97,6129777.88,83.64069459716725,-94.893,True
REUN00REU,REUN,-21.208,55.572,1558.4,3364099.2,4907944.5,-2293466.9,-34.72389783575637,55.572,True
REYK00ISL,REYK,64.139,-21.955,93.0,2587383.9,-1043033.6,5716564.2,62.54305811698435,-21.955,True
REYZ00ISL,REYZ,64.139,-21.955,93.0,2587384.533,-1043033.497,5716564.008,62.54305811698435,-21.955,True
RGDG00ARG,RGDG,-53.786,-67.752,32.364,1429870.3961,-3495334.7685,-5122723.0071,-31.284557452824593,-67.752,True
RIGA00LVA,RIGA,56.949,24.059,34.7,3183899.344,1421478.378,5322810.736,56.49110931552172,24.059,True
RIO100ESP,RIO1,42.464,-2.426,450.4,4708447.196,-199490.814,4284089.342,38.23102424529084,-2.426,True
RIO200ARG,RIO2,-53.785,-67.751,32.0,1429907.7834,-3495354.8119,-5122698.6553,-31.284035305085542,-67.751,True
RIOG00ARG,RIOG,-53.785,-67.751,32.0,1429907.7834,-3495354.8119,-5122698.6553,-31.284035305085542,-67.751,True
RIOP00ECU,RIOP,-1.651,-78.651,2793.0,1255140.9798,-6253585.5781,-182569.6128,8.997062072447847,-78.651,True
ROAG00ESP,ROAG,36.463,-6.206,83.2,5105577.352,-555208.925,3769714.099,30.5673950448031,-6.206,True
ROAP00ESP,ROAP,36.464,-6.206,73.7,5105509.755,-555200.625,3769790.256,30.56864572732154,-6.206,True
ROCH00USA,ROCH,33.61,-116.61,1393.75,-2382183.46,-4755084.96,3511367.8,39.540816406942746,-116.61,True
ROCK00USA,ROCK,34.236,-118.676,553.39,-2533220.219,-4631543.3986,3568400.542,39.69660065036543,-118.676,True
ROTH00ATA,ROTH,-67.571,-68.126,39.793,909246.711,-2264763.494,-5873056.98,-40.1649579260369,-68.126,True
SABY00BES,SABY,17.646,-63.221,-3.7,2739342.756,-5427818.269,1921067.968,22.256993459721976,-63.221,True
SACH00CAN,SACH,71.99,-125.25,69.256,-1141586.49,-1615315.92,6043418.46,78.39408540845353,-125.25,True
SALU00BRA,SALU,-2.593,-44.212,18.9,4566947.87,-4443098.5,-286674.66,-6.570637387784176,-44.212,True
SAMO00WSM,SAMO,-13.849,-171.738,76.9,-6129702.2557,-890029.4165,-1516807.4422,-16.060546057734044,-171.738,True
SANT00CHL,SANT,-33.15,-70.669,723.075,1769693.588,-5044574.184,-3468320.907,-19.18298153056542,-70.669,True
SASK00CAN,SASK,52.196,-106.398,580.0,-1106129.71,-3758704.03,5016675.77,61.79190480942932,-106.398,True
SASS00DEU,SASS,54.514,13.643,69.0,3606146.38,875303.14,5170194.74,53.21034182596518,13.643,True
SAVO00BRA,SAVO,-12.939,-38.432,76.3,4870283.7503,-3864605.3094,-1418872.4823,-19.924883592653682,-38.432,True
SBOK00ZAF,SBOK,-29.669,17.879,1043.1,5279492.0167,1703114.2749,-3139092.9922,-47.980294769535206,17.879,True
SCH200CAN,SCH2,54.832,-66.833,498.2,1448636.93,-3385243.67,5191046.95,61.39299083083911,-66.833,True
SCIP00USA,SCIP,32.91,-118.49,452.87,-2556587.44,-4711014.03,3446241.4,38.44309163641028,-118.49,True
SCOR00GRL,SCOR,70.485,-21.95,128.5,1982096.1,-798821.025,5989464.5,68.80943089144081,-21.95,True
SCRZ00BOL,SCRZ,-17.797,-63.16,442.2,2743005.924,-5420745.291,-1937117.112,-9.221209686179748,-63.16,True
SCTB00ATA,SCTB,-77.849,166.758,-18.9,-1311028.8,308512.8,-6213390.9,-70.93958626506904,166.758,True
SCUB00CUB,SCUB,20.012,-75.762,21.9,1474538.1759,-5811243.3797,2168958.8133,28.318180798068987,-75.762,True
SEJN00KOR,SEJN,36.522,127.303,181.2,-3110081.801,4082093.983,3775023.519,33.74315673151411,127.303,True
SELE00KAZ,SELE,43.179,77.017,1340.0,1046790.8,4540257.06,4342920.75,45.827650072716835,77.017,True
SEME00KAZ,SEME,50.433,80.266,180.21,688306.417,4012382.787,4893725.828,55.409754092998384,80.266,True
SEUS00BES,SEUS,17.495,-62.983,-6.2,2764145.995,-5420873.44,1905182.035,22.025336865622386,-62.983,True
SEY100SYC,SEY1,-4.674,55.479,537.912,3602870.9328,5238175.078,-516275.4452,-14.067909861504397,55.479,True
SEY200SYC,SEY2,-4.674,55.479,538.816,3602867.3394,5238179.3811,-516268.0725,-14.067908681204205,55.479,True
SEYG00SYC,SEYG,-4.679,55.531,-37.085,3597836.0,5240884.0,-516781.0,-14.074539826518313,55.531,True
SFDM00USA,SFDM,34.46,-118.755,291.52,-2532676.4067,-4615598.8587,3588781.3303,39.89766721257059,-118.755,True
SFER00ESP,SFER,36.464,-6.206,84.1,5105519.055,-555146.005,3769803.246,30.568641003787857,-6.206,True
SGOC00LKA,SGOC,6.892,79.874,-78.5,1113280.0609,6233644.2886,760276.9549,-0.047319416226698795,79.874,True
SGPO00USA,SGPO,36.604,-97.485,290.2,-667801.1647,-5082858.388,3782394.883,46.073615106342764,-97.485,True
SHAO00CHN,SHAO,31.1,121.2,22.09,-2831733.583,4675665.958,3275369.41,28.324799753738784,121.2,True
SHE200CAN,SHE2,46.221,-64.552,-15.3,1899507.99,-3991722.36,4582242.82,51.0243144979203,-64.552,True
SHLG00IND,SHLG,25.674,91.913,1007.2,-192075.209,5749765.124,2746987.544,23.207404845765282,91.913,True
SIMO00ZAF,SIMO,-34.188,18.44,39.491,5010435.8045,1670594.6924,-3563732.5126,-46.96138601847112,18.44,True
SIN100SGP,SIN1,1.343,103.679,92.54,-1507972.56,6195614.06,148488.0,-6.624540751010257,103.679,True
SIO100USA,SIO1,32.868,-117.252,7.56,-2455521.7175,-4767213.3761,3441654.9163,38.67009875919359,-117.252,True
SIO200USA,SIO2,32.867,-117.252,8.19,-2455539.252,-4767224.129,3441628.855,38.66911711147471,-117.252,True
SIO300USA,SIO3,32.86,-117.25,34.88,-2455456.75,-4767480.49,3441383.76,38.6626874515698,-117.25,True
SIO400USA,SIO4,32.867,-117.252,8.16,-2455541.5692,-4767225.188,3441625.7015,38.66911709791422,-117.252,True
SLOR00HND,SLOR,13.424,-87.436,11.995,277528.923,-6198801.814,1471065.567,23.21047533733112,-87.436,True
SMST00JPN,SMST,33.578,135.937,97.536,-3822373.395,3699359.882,3507585.789,28.60585672427585,135.937,True
SNI100USA,SNI1,33.248,-119.524,239.67,-2631346.8232,-4646278.7114,3477113.3756,38.54547408100511,-119.524,True
SOD300FIN,SOD3,67.421,26.389,300.8,2200149.224,1091650.85,5866868.645,66.29892960936488,26.389,True
SOFI00BGR,SOFI,42.556,23.395,1119.6,4319372.39,1868687.57,4292063.8,40.87480511512296,23.395,True
SOL100USA,SOL1,38.319,-76.454,-18.0,1173608.863,-4871160.862,3933263.105,46.18458298825303,-76.454,True
SOLA00SAU,SOLA,24.911,46.401,760.139,3992082.0138,4192182.2188,2670423.8358,21.99487500076599,46.401,True
SOLO00SLB,SOLO,-9.435,159.954,122.9,-5911340.124,2156887.299,-1038664.005,-16.607586912571623,159.954,True
SPK100USA,SPK1,34.059,-118.646,440.13,-2535991.9364,-4642434.9628,3552148.2605,39.530260563504115,-118.646,True
SPT000SWE,SPT0,57.715,12.891,219.9,3328984.813,761910.066,5369033.475,56.39179954802665,12.891,True
SPTU00BRA,SPTU,-21.929,-50.492,508.78,3766123.31,-4567433.46,-2367323.83,-19.260487700654835,-50.492,True
SRTI00UGA,SRTI,1.722,33.62,1111.3,5309795.398,3530493.256,190407.785,-8.505181079732004,33.62,True
SSIA00SLV,SSIA,13.697,-89.116,664.4,95610.0615,-6197817.1521,1500617.9412,23.39936542592453,-89.116,True
STFU00USA,STFU,37.427,-122.173,20.41,-2700404.18,-4292605.52,3855137.41,41.9855997179175,-122.173,True
STHL00GBR,STHL,-15.943,-5.667,453.29,6104817.308,-605827.996,-1740738.865,-38.51015120138143,-5.667,True
STJ300CAN,STJ3,47.595,-52.678,154.515,2612588.6706,-3426820.6402,4686773.7555,48.919696509010976,-52.678,True
STJO00CAN,STJO,47.595,-52.678,152.8,2612631.2,-3426807.0,4686757.8,48.919695563471635,-52.678,True
STK200JPN,STK2,43.529,141.845,118.54,-3642161.206,2861487.883,4370351.333,38.856810513674446,141.845,True
STPM00SPM,STPM,46.778,-56.168,0.473,2436208.256,-3634804.894,4624885.452,48.99466991832062,-56.168,True
STR100AUS,STR1,-35.316,149.01,799.9,-4467103.1933,2683039.4751,-3666948.7457,-48.35310517579861,149.01,True
STR200AUS,STR2,-35.316,149.01,802.5,-4467075.2351,2683011.847,-3667007.0408,-48.35310410830335,149.01,True
SULP00UKR,SULP,49.836,24.014,370.5,3765296.991,1677559.204,4851297.409,49.16531577359411,24.014,True
SUNM00AUS,SUNM,-27.485,153.035,92.0,-5046793.581,2567554.747,-2926028.283,-38.33405210771445,153.035,True
SUTH00ZAF,SUTH,-32.38,20.81,1799.766,5041274.8417,1916054.1204,-3397075.9716,-46.62943582951572,20.81,True
SUTM00ZAF,SUTM,-32.381,20.811,1797.6,5041190.169,1916067.017,-3397189.514,-46.62888381688405,20.811,True
SUTV00ZAF,SUTV,-32.38,20.81,1799.766,5041274.8417,1916054.1204,-3397075.9716,-46.62943582951572,20.81,True
SUVA00FJI,SUVA,-18.146,178.425,73.0,-6060677.0,166617.0,-1973762.0,-22.660030975862334,178.425,True
SUWN00KOR,SUWN,37.275,127.054,83.9,-3062023.4156,4055449.1662,3841819.3768,34.70028506958618,127.054,True
SVTL00RUS,SVTL,60.533,29.781,76.8,2730156.0,1562365.0,5529989.0,60.39997121752263,29.781,True
SYDN00AUS,SYDN,-33.781,151.15,85.6,-4648240.8472,2560636.4409,-3526317.7772,-46.121617779088844,151.15,True
SYOG00ATA,SYOG,-69.007,39.584,50.09,1766207.8686,1460290.3801,-5932297.7652,-44.784733128448735,39.584,True
TABL00USA,TABL,34.382,-117.678,2228.03,-2448550.1126,-4668099.0769,3582741.024,40.06501542000519,-117.678,True
TAEJ00KOR,TAEJ,36.374,127.366,77.6,-3120425.3823,4086355.5259,3761767.7598,33.552720667139056,127.366,True
TAH100PYF,TAH1,-17.577,-149.606,99.927,-5246403.866,-3077285.554,-1913839.459,-16.56834084958955,-149.606,True
TAH200PYF,TAH2,-17.577,-149.606,99.927,-5246403.866,-3077285.554,-1913839.459,-16.56834084958955,-149.606,True
TAHI00PYF,TAHI,-17.577,-149.609,82.36,-5246577.0988,-3076990.4407,-1913780.9022,-16.568820194546117,-149.609,True
TAIW00TWN,TAIW,25.021,121.536,44.979,-3024781.9536,4928936.8399,2681234.475,20.983958636852694,121.536,True
TANA00ETH,TANA,11.569,37.329,1850.962,4970747.7784,3790687.1134,1271109.0376,4.5786151069944445,37.329,True
TASH00UZB,TASH,41.328,69.296,439.7,1695945.1994,4487138.5684,4190140.6931,43.09008240479954,69.296,True
TCMS00TWN,TCMS,24.798,120.987,77.261,-2982782.8539,4966660.1585,2658809.4594,20.78865998964273,120.987,True
TDOU00ZAF,TDOU,-23.08,30.384,630.2,5064840.8313,2969624.4192,-2485110.0433,-40.47559136022591,30.384,True
TEGU00HND,TEGU,14.1,-87.2,995.0,301730.8495,-6181066.2053,1542940.4462,23.86714641397185,-87.2,True
TEHN00IRN,TEHN,35.697,51.334,1194.57,3240499.403,4049740.323,3701663.005,35.440816731998225,51.334,True
TEJA00CHL,TEJA,-39.805,-73.253,43.2,1413829.566,-4698487.606,-4061442.291,-23.378355681896576,-73.253,True
TGCV00CPV,TGCV,16.755,-22.983,35.0,5624176.0,-2385324.0,1826874.0,6.525703386822455,-22.983,True
THTG00PYF,THTG,-17.577,-149.606,97.994,-5246414.0,-3077260.0,-1913842.0,-16.568340882404925,-149.606,True
THTI00PYF,THTI,-17.577,-149.606,98.49,-5246415.8134,-3077260.6338,-1913841.9696,-16.56834087398459,-149.606,True
THU100GRL,THU1,76.537,-68.788,55.003,538981.4598,-1388714.7871,6181005.1282,80.75015627227819,-68.788,True
THU200GRL,THU2,76.537,-68.825,36.2,538093.193,-1389088.13,6180979.36,80.7566874887039,-68.825,True
THU300GRL,THU3,76.537,-68.825,36.2,538093.7,-1389088.0,6180979.3,80.7566874887039,-68.825,True
TID100AUS,TID1,-35.399,148.98,665.3,-4460996.9502,2682557.08,-3674442.6274,-48.45868195453819,148.98,True
TID200AUS,TID2,-35.399,148.98,665.372,-4460996.4047,2682557.0885,-3674443.393,-48.458681925061484,148.98,True
TIDB00AUS,TIDB,-35.399,148.98,665.372,-4460996.4047,2682557.0885,-3674443.393,-48.458681925061484,148.98,True
TIT200DEU,TIT2,51.035,6.432,156.1,3993787.1,450204.2,4936131.8,48.92282386134753,6.432,True
TITZ00DEU,TITZ,51.035,6.432,155.6,3993780.705,450206.585,4936136.79,48.92282486527148,6.432,True
TIXI00RUS,TIXI,71.634,128.866,46.985,-1264872.963,1569455.814,6031003.388,76.56184661843312,128.866,True
TIXJ00RUS,TIXJ,71.634,128.866,47.051,-1264873.1113,1569457.2514,6031003.0553,76.56184640432792,128.866,True
TKBG00JPN,TKBG,36.067,140.131,69.1,-3961641.614,3308778.464,3734288.804,30.695194203808025,140.131,True
TLSE00FRA,TLSE,43.561,1.481,207.2,4627851.899,119638.546,4372993.537,39.87676499914247,1.481,True
TLSG00FRA,TLSG,43.55,1.485,208.7,4628685.095,119996.724,4372110.007,39.86391932784112,1.485,True
TNML00TWN,TNML,24.798,120.987,75.86,-2982779.0389,4966662.6552,2658805.7381,20.788661520870665,120.987,True
TOAY00LAO,TOAY,16.073,105.153,367.0,-1754221.401,5874394.359,1754640.357,11.159700933292607,105.153,True
TONG00TON,TONG,-21.145,-175.179,56.3,-5930303.7231,-500147.2009,-2286366.2029,-24.77008486711705,-175.179,True
TOPL00BRA,TOPL,-10.171,-48.331,256.55,4174345.6,-4690236.73,-1118921.27,-10.973432112887002,-48.331,True
TORP00USA,TORP,33.798,-118.331,-5.22,-2517894.5535,-4670259.8838,3527827.6264,39.34511237367352,-118.331,True
TOUL00FRA,TOUL,43.561,1.481,211.39,4627848.6308,119629.4644,4373003.3012,39.87675860634164,1.481,True
TOW200AUS,TOW2,-19.269,147.056,88.1,-5054583.3956,3275504.1124,-2091538.4655,-29.49331992072792,147.056,True
TRAB00TUR,TRAB,40.995,39.776,99.2,3705250.47,3084421.65,4162044.65,40.794943667868594,39.776,True
TRAK00USA,TRAK,33.618,-117.803,115.5,-2480029.62,-4703110.48,3511298.77,39.285801993301476,-117.803,True
TRO100NOR,TRO1,69.663,18.94,138.0,2102929.0,721619.0,5958196.0,67.73885346604516,18.94,True
TROM00NOR,TROM,69.663,18.938,132.2,2102940.0,721569.0,5958192.0,67.73874056245194,18.938,True
TSK200JPN,TSK2,36.106,140.087,69.93,-3957184.109,3310231.726,3737703.956,30.74645299223386,140.087,True
TSKB00JPN,TSKB,36.106,140.087,67.3,-3957199.24,3310199.668,3737711.708,30.746452655029085,140.087,True
TUBI00TUR,TUBI,40.787,29.451,221.8,4211318.522,2377865.759,4144664.456,39.44943462060007,29.451,True
TUKT00CAN,TUKT,69.438,-132.994,1.54,-1532091.32,-1643291.7,5949315.96,74.04683431504557,-132.994,True
TUVA00TUV,TUVA,-8.525,179.197,38.4,-6307543.7662,88454.3221,-939278.1193,-11.864199403837265,179.197,True
TWTF00TWN,TWTF,24.954,121.165,203.122,-2994425.04,4951312.24,2674498.6,20.95145828367358,121.165,True
UCAL00CAN,UCAL,51.08,-114.134,1118.8,-1641945.2,-3664804.1,4940009.3,58.56396818591341,-114.134,True
UCLP00USA,UCLP,34.069,-118.442,111.54,-2519007.2327,-4650672.3153,3552862.7886,39.58554151397428,-118.442,True
UCLU00CAN,UCLU,48.926,-125.542,10.0,-2440669.042,-3416437.062,4785136.849,52.81211295244321,-125.542,True
UFPR00BRA,UFPR,-25.448,-49.231,925.8,3763751.676,-4365113.8613,-2724404.579,-22.510396897789267,-49.231,True
ULAB00MNG,ULAB,47.865,107.052,1575.7,-1257408.9234,4099404.3974,4707992.6715,51.826907103161524,107.052,True
ULDI00ZAF,ULDI,-28.293,31.421,607.9,4796680.9045,2930311.4777,-3005435.8146,-42.747852914660946,31.421,True
UMTA00ZAF,UMTA,-31.549,28.673,772.5,4773861.1398,2610636.1349,-3318300.635,-44.00892345965808,28.673,True
UNB100CAN,UNB1,45.95,-66.642,22.85,1761288.2,-4078238.6,4561417.8,51.40598186240252,-66.642,True
UNB300CAN,UNB3,45.95,-66.642,22.85,1761288.2,-4078238.6,4561417.8,51.40598186240252,-66.642,True
UNBD00CAN,UNBD,45.95,-66.641,23.12,1761305.9,-4078238.57,4561411.35,51.40565620872812,-66.641,True
UNBJ00CAN,UNBJ,45.95,-66.642,22.8,1761288.1,-4078238.6,4561417.7,51.40598185851133,-66.642,True
UNBN00CAN,UNBN,45.95,-66.642,22.85,1761288.2,-4078238.6,4561417.8,51.40598186240252,-66.642,True
UNFE00ITA,UNFE,44.833,11.599,81.01,4438224.203,910993.895,4474260.252,42.34090647854699,11.599,True
UNSA00ARG,UNSA,-24.727,-65.408,1257.8,2412830.4245,-5271936.73,-2652209.0548,-14.042297178983782,-65.408,True
UNX200AUS,UNX2,-33.918,151.232,87.07,-4644465.21,2549952.76,-3538929.46,-46.26966319934451,151.232,True
UNX300AUS,UNX3,-33.918,151.232,87.07,-4644465.21,2549952.76,-3538929.46,-46.26966319934451,151.232,True
UPAD00ITA,UPAD,45.407,11.878,84.04,4389531.28,923253.65,4519256.35,43.03779550328298,11.878,True
URAL00RUS,URAL,56.838,60.615,279.96,1716013.966,3047281.697,5316302.551,60.502511771083455,60.615,True
URUM00CHN,URUM,43.808,87.601,858.9,193030.2318,4606851.332,4393311.5615,47.092167096745705,87.601,True
USC100USA,USC1,34.02,-118.29,21.93,-2507564.82,-4659953.34,3548660.97,39.571525601204286,-118.29,True
USCL00CHL,USCL,-33.45,-70.681,570.2,1762489.887,-5027632.74,-3496009.235,-19.392133216747627,-70.681,True
USN100USA,USN1,38.921,-77.066,57.405,1112161.053,-4842855.273,3985494.218,46.96883325668638,-77.066,True
USN300USA,USN3,38.921,-77.066,57.519,1112162.14,-4842853.628,3985496.084,46.96883323388106,-77.066,True
USN700USA,USN7,38.921,-77.066,58.924,1112162.138,-4842854.667,3985497.066,46.96883295281596,-77.066,True
USN800USA,USN8,38.921,-77.06599999999997,58.924,1112162.138,-4842854.667,3985497.066,46.96883295281596,-77.06599999999997,True
USN900USA,USN9,38.921,-77.06599999999997,58.924,1112162.138,-4842854.667,3985497.066,46.96883295281596,-77.06599999999997,True
USNA00USA,USNA,38.983,-76.48,-26.308,1160668.953,-4826883.3189,3990863.0442,46.884837988043046,-76.48,True
USNO00USA,USNO,38.919,-77.066,48.9,1112189.773,-4842955.026,3985352.266,46.96673976577188,-77.066,True
USP100FJI,USP1,-18.149,178.446,70.6,-6060627.2843,164379.897,-1974093.2186,-22.659216539401758,178.446,True
USUD00JPN,USUD,36.133,138.362,1508.619,-3855263.0361,3427432.5571,3741020.2929,31.07829844578535,138.362,True
UTQI00USA,UTQI,71.323,-156.615,12.1,-1880399.9215,-813136.6979,6019921.5735,71.96629207497045,-156.615,True
UZHL00UKR,UZHL,48.632,22.298,232.0,3907587.665,1602428.534,4763783.686,47.6929899022569,22.298,True
VACS00MUS,VACS,-20.297,57.497,420.4,3215946.33,5047448.47,-2198719.6,-33.827065536426744,57.497,True
VALD00CAN,VALD,48.097,-77.564,312.8,919075.83,-4167766.23,4724323.53,57.019098673195884,-77.564,True
VALP00CHL,VALP,-33.027,-71.626,31.0,1687310.0,-5079965.0,-3456509.0,-18.98659912564,-71.626,True
VENE00ITA,VENE,45.437,12.332,67.1,4379724.87,957495.752,4521605.119,43.11711672170653,12.332,True
VESL00ATA,VESL,-71.674,-2.842,862.4,2009329.7,-99741.5,-6033158.5,-41.97395453670648,-2.842,True
VILL00ESP,VILL,40.444,-3.952,647.4,4849833.874,-335049.255,4116014.809,35.64991611606021,-3.952,True
VIS000SWE,VIS0,57.654,18.367,79.8,3246470.561,1077900.313,5365277.902,56.72912609661277,18.367,True
VNDP00USA,VNDP,34.556,-120.616,-11.5,-2678090.1164,-4525437.3954,3597431.7369,39.567890926298524,-120.616,True
VOIM00MDG,VOIM,-21.906,46.793,1163.3,4054014.146,4316070.229,-2365224.017,-35.47205518650232,46.793,True
VS0G00SWE,VS0G,57.654,18.367,79.766,3246470.474614,1077900.36922659,5365278.03021857,56.72912616360451,18.367,True
WAB200CHE,WAB2,46.924,7.464,611.0,4327318.0,566956.0,4636426.0,44.373847274140154,7.464,True
WARK00NZL,WARK,-36.434,174.663,111.3,-5115333.2299,477886.9079,-3767147.473,-43.80092369269151,174.663,True
WARN00DEU,WARN,54.17,12.101,50.7,3658785.6,784471.1,5147870.7,52.73309575677973,12.101,True
WDC300USA,WDC3,38.921,-77.066,57.872,1112160.327,-4842854.274,3985496.368,46.96883316326475,-77.066,True
WDC400USA,WDC4,38.921,-77.066,57.872,1112160.327,-4842854.274,3985496.368,46.96883316326475,-77.066,True
WDC500USA,WDC5,38.921,-77.066,59.0,1112158.868,-4842855.614,3985496.946,46.9688329376124,-77.066,True
WDC600USA,WDC6,38.921,-77.066,59.0,1112158.868,-4842855.614,3985496.946,46.9688329376124,-77.066,True
WEL100NZL,WEL1,-41.273,174.779,46.9,-4780787.068,436877.203,-4185258.942,-48.91994563677943,174.779,True
WEL200NZL,WEL2,-41.273,174.779,46.9,-4780787.068,436877.203,-4185258.942,-48.91994563677943,174.779,True
WES200USA,WES2,42.613,-71.493,85.0,1492233.247,-4458089.489,4296046.035,49.31191358713539,-71.493,True
WETT00DEU,WETT,49.144,12.879,665.88,4075581.6493,931845.9972,4801568.5138,47.38292492934241,12.879,True
WGTN00NZL,WGTN,-41.323,174.806,26.06,-4777269.46,434270.155,-4189484.491,-48.96520908944236,174.806,True
WHC100USA,WHC1,33.98,-118.031,94.25,-2488199.3244,-4673487.1517,3544649.2637,39.590169993106976,-118.031,True
WHI100USA,WHI1,33.974,-118.034,65.73,-2488634.1496,-4673655.8287,3544074.0641,39.583604452744986,-118.034,True
WHIT00CAN,WHIT,60.751,-135.222,1427.0,-2218337.85,-2201205.06,5543057.57,63.328980036349634,-135.222,True
WIDC00USA,WIDC,33.935,-116.392,445.04,-2354850.17,-4745524.01,3540693.1,39.90939848629716,-116.392,True
WILL00CAN,WILL,52.237,-122.168,1096.0,-2084258.016,-3313872.98,5019853.081,57.494534905066146,-122.168,True
WIND00NAM,WIND,-22.575,17.089,1734.7,5633708.7802,1732017.696,-2433985.8026,-45.28974024612627,17.089,True
WLSN00USA,WLSN,34.226,-118.056,1705.26,-2483640.9494,-4660072.8425,3568172.1952,39.82667110584472,-118.056,True
WROC00POL,WROC,51.113,17.062,180.3,3835751.0,1177249.0,4941605.0,49.91154652540895,17.062,True
WSLR00CAN,WSLR,50.127,-122.921,909.0,-2227013.61,-3439649.1,4872522.22,54.91360483693428,-122.921,True
WSRT00NLD,WSRT,52.915,6.604,86.0,3828739.0,443305.0,5064887.0,50.98413727104988,6.604,True
WTZ300DEU,WTZ3,49.145,12.879,663.4,4075535.3,931822.185,4801608.915,47.384042233618466,12.879,True
WTZA00DEU,WTZA,49.144,12.879,665.9,4075578.1,931853.1,4801570.2,47.38292488516561,12.879,True
WTZJ00DEU,WTZJ,49.144,12.879,665.9,4075580.0194,931855.2287,4801568.1824,47.38292488516561,12.879,True
WTZR00DEU,WTZR,49.144,12.879,666.0,4075580.685,931853.66,4801568.054,47.3829246642815,12.879,True
WTZS00DEU,WTZS,49.145,12.879,663.4,4075534.9,931822.6,4801609.2,47.384042233618466,12.879,True
WTZT00DEU,WTZT,49.144,12.879,665.9,4075577.614,931855.281,4801570.212,47.38292488516561,12.879,True
WTZZ00DEU,WTZZ,49.144,12.879,665.8,4075579.1,931853.4,4801569.2,47.38292510604967,12.879,True
WUH200CHN,WUH2,30.532,114.357,25.8,-2267749.0,5009154.0,3221290.0,28.54125709994654,114.357,True
WUHN00CHN,WUHN,30.532,114.357,28.2,-2267750.266,5009156.142,3221291.898,28.5412531768592,114.357,True
WUTH00NOR,WUTH,77.003,15.539,52.2,1386490.169,385514.005,6192887.206,74.06912537276312,15.539,True
XIAN00CHN,XIAN,34.369,109.221,464.41,-1735213.101,4976840.368,3580538.458,33.90830949027741,109.221,True
XMIS00AUS,XMIS,-10.45,105.689,261.5,-1696344.7606,6039590.007,-1149275.0793,-21.054022004255916,105.689,True
YAKA00RUS,YAKA,62.031,129.681,100.06,-1915023.2516,2308213.3141,5610225.0843,64.64578163362862,129.681,True
YAKT00RUS,YAKT,62.031,129.68,103.37,-1914998.836,2308241.52,5610225.578,64.64604397248897,129.68,True
YAKZ00RUS,YAKZ,62.031,129.681,100.064,-1915023.2516,2308213.3141,5610225.0843,64.64578162549945,129.681,True
YAR100AUS,YAR1,-29.047,115.347,241.297,-2389025.4954,5043316.8722,-3078530.7858,-44.319505155343464,115.347,True
YAR200AUS,YAR2,-29.047,115.347,241.3,-2389026.6092,5043317.0543,-3078529.5526,-44.319505153477905,115.347,True
YAR300AUS,YAR3,-29.046,115.347,242.4,-2389043.7652,5043313.5826,-3078524.3872,-44.31815773190976,115.347,True
YARR00AUS,YARR,-29.047,115.347,241.3,-2389025.573,5043315.5356,-3078532.971,-44.319505153477905,115.347,True
YEBE00ESP,YEBE,40.525,-3.089,972.8,4848724.95,-261632.509,4123093.952,35.81297505486019,-3.089,True
YEL200CAN,YEL2,62.481,-114.481,181.008,-1224441.9824,-2689174.6494,5633660.3762,71.29213093012301,-114.481,True
YELL00CAN,YELL,62.481,-114.481,181.0,-1224452.4,-2689216.0,5633638.2,71.2921309496018,-114.481,True
YIBL00OMN,YIBL,22.186,56.112,95.1,3294552.811,4905092.434,2393579.637,19.069952088958594,56.112,True
YKRO00CIV,YKRO,6.871,-5.24,270.0,6306439.897,-578380.783,757956.481,-6.929740155824024,-5.24,True
YONS00KOR,YONS,37.541,127.001,96.849,-3047506.741,4043980.58,3865243.01,35.03185274459131,127.001,True
YSSK00RUS,YSSK,47.03,142.717,91.289,-3465320.847,2638269.382,4644085.485,42.751150286177655,142.717,True
ZAMB00ZMB,ZAMB,-15.426,28.311,1324.914,5415353.011,2917209.914,-1685888.865,-33.25564448781969,28.311,True
ZECK00RUS,ZECK,43.788,41.565,1167.0,3451175.15,3060335.95,4391955.97,44.16384048221195,41.565,True
ZIM200CHE,ZIM2,46.877,7.465,956.5,4331300.16,567537.081,4633133.51,44.319069865911686,7.465,True
ZIM300CHE,ZIM3,46.877,7.465,956.5,4331300.16,567537.081,4633133.51,44.319069865911686,7.465,True
ZIMJ00CHE,ZIMJ,46.877,7.465,954.3,4331294.043,567541.982,4633135.625,44.31907422683043,7.465,True
ZIMM00CHE,ZIMM,46.877,7.465,956.4,4331297.348,567555.639,4633133.728,44.31907006413504,7.465,True
ZIMZ00CHE,ZIMZ,46.877,7.465,953.9,4331292.816,567545.19,4633135.862,44.31907501972572,7.465,True
ZWE200RUS,ZWE2,55.7,36.76,272.0,2886359.0,2155972.0,5245886.0,56.407811011360195,36.76,True
ZWEN00RUS,ZWEN,55.7,36.76,270.0,2886359.1,2155972.8,5245886.9,56.40781486052562,36.76,True
